Data,IPEDS ID,Year,Total Unduplicated Athletes,Number of Sports Teams,NCAA Subdivision,FBS Conference,Total Expenses,Athlete Scholarships and Cost of Living Benefits,Institutional NIL Revenue Share,Total Revenues,"Corporate Sponsorship, Advertising, Licensing",Donor Contributions,Total Academic Spending (University-Wide),Total Football Spending,Total Football Coaching Salaries
University of Alabama at Birmingham,100663,2021,,,Football Bowl Subdivision,Conference USA,"CA$34,303,084.00",,,"CA$35,446,863.00","CA$1,261,858.00","CA$4,611,647.00","CA$1,322,957,947.00","CA$11,775,827.00","CA$3,972,044.00"
University of Alabama at Birmingham,100663,2022,,,Football Bowl Subdivision,Conference USA,"CA$39,890,894.00",,,"CA$38,351,074.00","CA$2,199,815.00","CA$5,243,833.00","CA$1,413,378,686.00","CA$14,159,598.00","CA$4,155,708.00"
University of Alabama at Birmingham,100663,2023,,,Football Bowl Subdivision,Conference USA,"CA$42,207,368.00",,,"CA$40,530,725.00","CA$2,411,288.00","CA$4,701,471.00",CA$0.00,"CA$15,268,692.00","CA$3,711,519.00"
University of Alabama at Birmingham,100663,2024,,,Football Bowl Subdivision,American Athletic Conference,"CA$42,655,845.00",,,"CA$43,271,595.00","CA$2,882,765.00","CA$4,027,652.00",CA$0.00,"CA$14,865,442.00","CA$3,864,100.00"
University of Alabama at Birmingham,100663,2025,416,19,Football Bowl Subdivision,American Athletic Conference,"CA$42,118,766.00","CA$9,646,858.00",CA$0.00,"CA$45,218,220.00","CA$3,561,462.00","CA$3,460,278.00",CA$0.00,"CA$14,167,116.00","CA$4,188,178.00"
University of Alabama,100751,2021,,,Football Bowl Subdivision,Southeastern Conference,"CA$170,191,728.00",,,"CA$179,800,409.00","CA$14,064,127.00","CA$35,640,206.00","CA$852,683,823.00","CA$59,515,883.00","CA$23,115,254.00"
University of Alabama,100751,2022,,,Football Bowl Subdivision,Southeastern Conference,"CA$195,881,911.00",,,"CA$214,365,357.00","CA$15,160,050.00","CA$53,113,300.00","CA$883,283,422.00","CA$78,521,050.00","CA$22,576,651.00"
University of Alabama,100751,2023,,,Football Bowl Subdivision,Southeastern Conference,"CA$212,030,188.00",,,"CA$199,913,763.00","CA$16,211,860.00","CA$49,694,074.00",CA$0.00,"CA$83,333,815.00","CA$22,769,032.00"
University of Alabama,100751,2024,,,Football Bowl Subdivision,Southeastern Conference,"CA$262,789,471.00",,,"CA$234,825,632.00","CA$16,498,912.00","CA$76,080,563.00",CA$0.00,"CA$113,835,360.00","CA$49,278,632.00"
University of Alabama,100751,2025,669,21,Football Bowl Subdivision,Southeastern Conference,"CA$234,739,406.00","CA$27,387,926.00",CA$0.00,"CA$267,435,520.00","CA$17,233,822.00","CA$67,428,250.00",CA$0.00,"CA$82,859,480.00","CA$25,209,845.00"
Auburn University,100858,2021,,,Football Bowl Subdivision,Southeastern Conference,"CA$133,289,885.00",,,"CA$123,546,999.00","CA$4,666,566.00","CA$16,225,555.00","CA$925,778,553.00","CA$51,651,240.00","CA$15,510,210.00"
Auburn University,100858,2022,,,Football Bowl Subdivision,Southeastern Conference,"CA$151,590,763.00",,,"CA$174,568,442.00","CA$11,100,482.00","CA$36,372,783.00","CA$962,620,009.00","CA$52,254,829.00","CA$12,663,575.00"
Auburn University,100858,2023,,,Football Bowl Subdivision,Southeastern Conference,"CA$192,030,692.00",,,"CA$195,301,922.00","CA$9,253,662.00","CA$41,988,978.00",CA$0.00,"CA$71,107,903.00","CA$14,327,648.00"
Auburn University,100858,2024,,,Football Bowl Subdivision,Southeastern Conference,"CA$191,558,771.00",,,"CA$194,360,814.00","CA$8,370,685.00","CA$47,555,143.00",CA$0.00,"CA$60,851,540.00","CA$15,390,075.00"
Auburn University,100858,2025,542,21,Football Bowl Subdivision,Southeastern Conference,"CA$203,847,233.00","CA$25,198,527.00",CA$0.00,"CA$205,928,767.00","CA$9,667,454.00","CA$59,660,872.00",CA$0.00,"CA$59,371,873.00","CA$15,279,635.00"
Jacksonville State University,101480,2021,,,Football Championship Subdivision,,"CA$16,400,387.00",,,"CA$16,400,387.00",CA$0.00,"CA$665,375.00","CA$141,443,607.00","CA$5,962,202.00","CA$1,274,676.00"
Jacksonville State University,101480,2022,,,Football Championship Subdivision,,"CA$20,288,342.00",,,"CA$20,288,342.00",CA$0.00,"CA$1,642,052.00","CA$148,106,926.00","CA$7,465,894.00","CA$1,626,546.00"
Jacksonville State University,101480,2023,,,Football Championship Subdivision,,"CA$24,190,063.00",,,"CA$24,190,063.00",CA$0.00,"CA$2,470,831.00",CA$0.00,"CA$9,721,290.00","CA$2,331,417.00"
Jacksonville State University,101480,2024,,,Football Championship Subdivision,,"CA$31,057,490.00",,,"CA$31,057,490.00",CA$0.00,"CA$2,195,887.00",CA$0.00,"CA$13,497,032.00","CA$2,803,301.00"
Jacksonville State University,101480,2025,421,18,Football Bowl Subdivision,Conference USA,"CA$37,075,911.00","CA$8,419,941.00","CA$479,348.00","CA$37,075,911.00",CA$0.00,"CA$3,911,343.00",CA$0.00,"CA$16,697,769.00","CA$2,887,573.00"
University of South Alabama,102094,2021,,,Football Bowl Subdivision,Sun Belt Conference,"CA$35,094,465.00",,,"CA$32,429,727.00","CA$642,668.00","CA$1,078,067.00","CA$335,807,000.00","CA$11,842,985.00","CA$3,711,793.00"
University of South Alabama,102094,2022,,,Football Bowl Subdivision,Sun Belt Conference,"CA$33,001,239.00",,,"CA$39,119,983.00","CA$869,851.00","CA$1,739,840.00","CA$335,322,000.00","CA$13,046,697.00","CA$3,603,971.00"
University of South Alabama,102094,2023,,,Football Bowl Subdivision,Sun Belt Conference,"CA$35,718,696.00",,,"CA$35,712,472.00","CA$995,653.00","CA$1,905,010.00",CA$0.00,"CA$15,067,509.00","CA$3,994,784.00"
University of South Alabama,102094,2024,,,Football Bowl Subdivision,Sun Belt Conference,"CA$37,589,795.00",,,"CA$39,347,346.00","CA$1,411,917.00","CA$1,802,880.00",CA$0.00,"CA$15,046,217.00","CA$4,395,069.00"
University of South Alabama,102094,2025,437,17,Football Bowl Subdivision,Sun Belt Conference,"CA$38,539,498.00","CA$8,743,826.00","CA$263,970.00","CA$36,194,336.00","CA$1,601,369.00","CA$2,163,665.00",CA$0.00,"CA$15,926,207.00","CA$4,552,363.00"
Troy University,102368,2021,,,Football Bowl Subdivision,Sun Belt Conference,"CA$29,557,154.00",,,"CA$29,557,154.00","CA$397,686.00","CA$1,421,992.00","CA$250,163,301.00","CA$8,294,767.00","CA$3,342,069.00"
Troy University,102368,2022,,,Football Bowl Subdivision,Sun Belt Conference,"CA$33,355,524.00",,,"CA$33,355,524.00","CA$457,939.00","CA$1,571,210.00","CA$251,234,166.00","CA$10,648,072.00","CA$4,311,077.00"
Troy University,102368,2023,,,Football Bowl Subdivision,Sun Belt Conference,"CA$34,328,670.00",,,"CA$34,328,670.00","CA$735,005.00","CA$1,878,313.00",CA$0.00,"CA$11,024,629.00","CA$4,262,109.00"
Troy University,102368,2024,,,Football Bowl Subdivision,Sun Belt Conference,"CA$37,237,543.00",,,"CA$37,237,543.00","CA$570,475.00","CA$2,747,399.00",CA$0.00,"CA$11,256,507.00","CA$3,766,310.00"
Troy University,102368,2025,413,16,Football Bowl Subdivision,Sun Belt Conference,"CA$38,500,997.00","CA$7,612,451.00","CA$410,040.00","CA$38,500,997.00","CA$620,660.00","CA$1,305,011.00",CA$0.00,"CA$11,929,226.00","CA$4,716,523.00"
Arizona State University,104151,2021,,,Football Bowl Subdivision,Pacific-12 Conference,"CA$103,772,499.00",,,"CA$117,675,310.00","CA$17,802,019.00","CA$7,940,129.00","CA$2,039,995,373.00","CA$26,093,543.00","CA$8,899,443.00"
Arizona State University,104151,2022,,,Football Bowl Subdivision,Pacific-12 Conference,"CA$124,008,192.00",,,"CA$121,079,615.00","CA$21,618,331.00","CA$20,475,970.00","CA$2,383,051,672.00","CA$39,264,216.00","CA$9,306,528.00"
Arizona State University,104151,2023,,,Football Bowl Subdivision,Pacific-12 Conference,"CA$141,717,696.00",,,"CA$114,507,872.00","CA$20,206,152.00","CA$19,371,914.00",CA$0.00,"CA$47,449,451.00","CA$10,076,610.00"
Arizona State University,104151,2024,,,Football Bowl Subdivision,Pacific-12 Conference,"CA$144,096,948.00",,,"CA$144,096,948.00","CA$19,155,048.00","CA$20,648,772.00",CA$0.00,"CA$48,584,987.00","CA$10,710,636.00"
Arizona State University,104151,2025,595,26,Football Bowl Subdivision,Big 12 Conference,"CA$164,713,777.00","CA$25,149,115.00",CA$0.00,"CA$166,137,649.00","CA$20,425,234.00","CA$22,780,899.00",CA$0.00,"CA$56,926,799.00","CA$16,809,337.00"
University of Arizona,104179,2021,,,Football Bowl Subdivision,Pacific-12 Conference,"CA$93,431,241.00",,,"CA$101,776,916.00","CA$6,874,440.00","CA$13,779,297.00","CA$1,903,654,000.00","CA$25,867,931.00","CA$15,423,024.00"
University of Arizona,104179,2022,,,Football Bowl Subdivision,Pacific-12 Conference,"CA$124,944,926.00",,,"CA$124,353,539.00","CA$9,512,261.00","CA$19,865,817.00","CA$2,044,209,000.00","CA$26,564,749.00","CA$7,975,292.00"
University of Arizona,104179,2023,,,Football Bowl Subdivision,Pacific-12 Conference,"CA$142,814,430.00",,,"CA$143,089,052.00","CA$12,468,828.00","CA$24,531,439.00",CA$0.00,"CA$37,652,706.00","CA$9,177,088.00"
University of Arizona,104179,2024,,,Football Bowl Subdivision,Pacific-12 Conference,"CA$154,946,982.00",,,"CA$134,470,969.00","CA$7,686,892.00","CA$27,351,065.00",CA$0.00,"CA$38,112,630.00","CA$9,932,367.00"
University of Arizona,104179,2025,556,21,Football Bowl Subdivision,Big 12 Conference,"CA$142,907,872.00","CA$25,152,233.00",CA$0.00,"CA$143,291,388.00","CA$5,639,702.00","CA$33,978,017.00",CA$0.00,"CA$39,897,621.00","CA$10,818,401.00"
University of Arkansas,106397,2021,,,Football Bowl Subdivision,Southeastern Conference,"CA$111,597,676.00",,,"CA$132,396,607.00","CA$14,918,733.00","CA$19,786,593.00","CA$732,676,526.00","CA$34,383,743.00","CA$9,909,013.00"
University of Arkansas,106397,2022,,,Football Bowl Subdivision,Southeastern Conference,"CA$144,319,041.00",,,"CA$152,513,755.00","CA$20,579,436.00","CA$22,165,941.00","CA$792,550,241.00","CA$46,994,950.00","CA$12,296,748.00"
University of Arkansas,106397,2023,,,Football Bowl Subdivision,Southeastern Conference,"CA$166,552,649.00",,,"CA$167,366,549.00","CA$20,247,255.00","CA$33,824,062.00",CA$0.00,"CA$53,940,684.00","CA$13,367,524.00"
University of Arkansas,106397,2024,,,Football Bowl Subdivision,Southeastern Conference,"CA$167,327,513.00",,,"CA$170,608,757.00","CA$22,156,455.00","CA$33,414,428.00",CA$0.00,"CA$57,117,596.00","CA$13,156,156.00"
University of Arkansas,106397,2025,466,19,Football Bowl Subdivision,Southeastern Conference,"CA$188,988,863.00","CA$20,097,703.00",CA$0.00,"CA$195,879,595.00","CA$19,416,571.00","CA$38,038,437.00",CA$0.00,"CA$57,370,871.00","CA$17,588,465.00"
Arkansas State University,106458,2021,,,Football Bowl Subdivision,Sun Belt Conference,"CA$29,226,736.00",,,"CA$29,226,736.00","CA$3,209,849.00","CA$6,953,745.00","CA$164,611,336.00","CA$10,582,857.00","CA$2,353,047.00"
Arkansas State University,106458,2022,,,Football Bowl Subdivision,Sun Belt Conference,"CA$32,376,515.00",,,"CA$32,376,515.00","CA$1,691,566.00","CA$6,169,644.00","CA$174,634,600.00","CA$13,458,901.00","CA$2,669,277.00"
Arkansas State University,106458,2023,,,Football Bowl Subdivision,Sun Belt Conference,"CA$32,840,538.00",,,"CA$32,840,538.00","CA$1,555,414.00","CA$3,822,638.00",CA$0.00,"CA$13,276,879.00","CA$2,797,828.00"
Arkansas State University,106458,2024,,,Football Bowl Subdivision,Sun Belt Conference,"CA$36,862,292.00",,,"CA$36,862,292.00","CA$1,053,146.00","CA$3,202,067.00",CA$0.00,"CA$15,373,045.00","CA$2,839,597.00"
Arkansas State University,106458,2025,405,16,Football Bowl Subdivision,Sun Belt Conference,"CA$45,805,050.00","CA$10,486,428.00",CA$0.00,"CA$45,805,050.00","CA$278,656.00","CA$4,177,117.00",CA$0.00,"CA$17,326,001.00","CA$2,924,237.00"
"California State University, Fresno",110556,2021,,,Football Bowl Subdivision,Mountain West Conference,"CA$36,237,555.00",,,"CA$29,582,635.00","CA$1,166,741.00","CA$4,128,900.00","CA$395,275,556.00","CA$9,738,867.00","CA$4,425,581.00"
"California State University, Fresno",110556,2022,,,Football Bowl Subdivision,Mountain West Conference,"CA$46,515,828.00",,,"CA$54,124,579.00","CA$3,116,630.00","CA$6,879,783.00","CA$448,644,079.00","CA$14,838,598.00","CA$4,598,133.00"
"California State University, Fresno",110556,2023,,,Football Bowl Subdivision,Mountain West Conference,"CA$51,738,485.00",,,"CA$48,938,712.00","CA$3,713,826.00","CA$7,679,024.00",CA$0.00,"CA$16,874,669.00","CA$5,223,333.00"
"California State University, Fresno",110556,2024,,,Football Bowl Subdivision,Mountain West Conference,"CA$56,660,140.00",,,"CA$56,065,439.00","CA$4,089,626.00","CA$7,435,167.00",CA$0.00,"CA$19,078,824.00","CA$5,246,587.00"
"California State University, Fresno",110556,2025,441,18,Football Bowl Subdivision,Mountain West Conference,"CA$56,108,751.00","CA$9,610,635.00",CA$0.00,"CA$61,761,188.00","CA$4,421,200.00","CA$13,169,118.00",CA$0.00,"CA$17,970,586.00","CA$4,810,288.00"
"University of California, Berkeley",110635,2021,,,Football Bowl Subdivision,Pacific-12 Conference,"CA$88,539,090.00",,,"CA$91,997,368.00","CA$9,202,835.00","CA$12,163,867.00","CA$2,686,247,463.00","CA$24,188,678.00","CA$8,860,768.00"
"University of California, Berkeley",110635,2022,,,Football Bowl Subdivision,Pacific-12 Conference,"CA$114,485,848.00",,,"CA$118,212,179.00","CA$13,083,897.00","CA$15,856,430.00","CA$2,910,161,401.00","CA$34,014,921.00","CA$10,019,480.00"
"University of California, Berkeley",110635,2023,,,Football Bowl Subdivision,Pacific-12 Conference,"CA$134,872,860.00",,,"CA$126,090,323.00","CA$14,449,998.00","CA$14,577,964.00",CA$0.00,"CA$37,967,279.00","CA$10,587,865.00"
"University of California, Berkeley",110635,2024,,,Football Bowl Subdivision,Pacific-12 Conference,"CA$146,563,315.00",,,"CA$116,826,759.00","CA$8,082,753.00","CA$13,953,854.00",CA$0.00,"CA$45,082,236.00","CA$11,675,521.00"
"University of California, Berkeley",110635,2025,1072,28,Football Bowl Subdivision,Atlantic Coast Conference,"CA$173,116,317.00","CA$28,449,748.00",CA$0.00,"CA$148,840,896.00","CA$5,490,492.00","CA$20,523,208.00",CA$0.00,"CA$46,721,911.00","CA$12,152,322.00"
"University of California, Los Angeles",110662,2021,,,Football Bowl Subdivision,Pacific-12 Conference,"CA$110,128,961.00",,,"CA$47,652,914.00","CA$8,060,041.00","CA$8,533,550.00","CA$5,829,196,611.00","CA$25,941,456.00","CA$11,224,172.00"
"University of California, Los Angeles",110662,2022,,,Football Bowl Subdivision,Pacific-12 Conference,"CA$131,106,913.00",,,"CA$103,061,344.00","CA$14,797,730.00","CA$18,522,470.00","CA$6,455,289,326.00","CA$36,989,741.00","CA$11,113,087.00"
"University of California, Los Angeles",110662,2023,,,Football Bowl Subdivision,Pacific-12 Conference,"CA$141,964,728.00",,,"CA$105,421,505.00","CA$18,337,047.00","CA$15,590,133.00",CA$0.00,"CA$44,181,569.00","CA$12,887,472.00"
"University of California, Los Angeles",110662,2024,,,Football Bowl Subdivision,Pacific-12 Conference,"CA$170,897,220.00",,,"CA$119,045,826.00","CA$11,667,366.00","CA$13,931,884.00",CA$0.00,"CA$45,783,509.00","CA$12,254,878.00"
"University of California, Los Angeles",110662,2025,719,25,Football Bowl Subdivision,Big Ten Conference,"CA$173,429,394.00","CA$29,314,669.00",CA$0.00,"CA$151,797,241.00","CA$10,589,277.00","CA$13,478,195.00",CA$0.00,"CA$55,205,072.00","CA$9,479,085.00"
San Diego State University,122409,2021,,,Football Bowl Subdivision,Mountain West Conference,"CA$49,417,308.00",,,"CA$48,923,740.00","CA$1,905,282.00","CA$10,758,115.00","CA$556,668,067.00","CA$11,029,428.00","CA$4,432,961.00"
San Diego State University,122409,2022,,,Football Bowl Subdivision,Mountain West Conference,"CA$67,245,917.00",,,"CA$65,897,302.00","CA$2,738,648.00","CA$19,677,856.00","CA$664,607,151.00","CA$18,452,448.00","CA$4,855,472.00"
San Diego State University,122409,2023,,,Football Bowl Subdivision,Mountain West Conference,"CA$96,611,742.00",,,"CA$103,930,691.00","CA$10,918,390.00","CA$38,353,018.00",CA$0.00,"CA$20,142,240.00","CA$5,789,535.00"
San Diego State University,122409,2024,,,Football Bowl Subdivision,Mountain West Conference,"CA$120,525,634.00",,,"CA$91,423,101.00","CA$9,353,698.00","CA$24,666,613.00",CA$0.00,"CA$23,539,309.00","CA$6,993,453.00"
San Diego State University,122409,2025,466,18,Football Bowl Subdivision,Mountain West Conference,"CA$104,868,538.00","CA$12,406,690.00",CA$0.00,"CA$100,801,020.00","CA$13,473,106.00","CA$25,126,061.00",CA$0.00,"CA$22,274,018.00","CA$6,191,302.00"
San Jose State University,122755,2021,,,Football Bowl Subdivision,Mountain West Conference,"CA$35,291,822.00",,,"CA$32,504,774.00","CA$185,339.00","CA$1,082,993.00","CA$509,069,348.00","CA$10,988,493.00","CA$4,677,007.00"
San Jose State University,122755,2022,,,Football Bowl Subdivision,Mountain West Conference,"CA$39,030,022.00",,,"CA$39,030,222.00","CA$662,616.00","CA$5,485,303.00","CA$566,794,355.00","CA$9,314,611.00","CA$3,089,463.00"
San Jose State University,122755,2023,,,Football Bowl Subdivision,Mountain West Conference,"CA$44,546,341.00",,,"CA$44,546,781.00","CA$1,190,197.00","CA$2,215,445.00",CA$0.00,"CA$10,883,256.00","CA$3,196,137.00"
San Jose State University,122755,2024,,,Football Bowl Subdivision,Mountain West Conference,"CA$47,405,380.00",,,"CA$44,239,752.00","CA$908,117.00","CA$3,497,992.00",CA$0.00,"CA$14,582,361.00","CA$7,703,424.00"
San Jose State University,122755,2025,575,22,Football Bowl Subdivision,Mountain West Conference,"CA$50,868,991.00","CA$10,431,648.00",CA$0.00,"CA$45,873,043.00","CA$1,070,840.00","CA$2,830,771.00",CA$0.00,"CA$16,017,209.00","CA$6,486,500.00"
University of Colorado Boulder,126614,2021,,,Football Bowl Subdivision,Pacific-12 Conference,"CA$64,551,755.00",,,"CA$47,074,223.00","CA$7,578,753.00","CA$3,930,144.00","CA$1,470,045,267.00","CA$17,520,552.00","CA$7,422,670.00"
University of Colorado Boulder,126614,2022,,,Football Bowl Subdivision,Pacific-12 Conference,"CA$95,968,696.00",,,"CA$94,873,830.00","CA$5,911,440.00","CA$13,302,241.00","CA$1,605,488,949.00","CA$25,533,983.00","CA$8,411,908.00"
University of Colorado Boulder,126614,2023,,,Football Bowl Subdivision,Pacific-12 Conference,"CA$136,114,470.00",,,"CA$127,028,292.00","CA$6,674,982.00","CA$29,975,478.00",CA$0.00,"CA$34,988,626.00","CA$10,447,899.00"
University of Colorado Boulder,126614,2024,,,Football Bowl Subdivision,Pacific-12 Conference,"CA$138,325,222.00",,,"CA$146,567,503.00","CA$10,730,797.00","CA$15,598,443.00",CA$0.00,"CA$38,459,489.00","CA$12,486,944.00"
University of Colorado Boulder,126614,2025,448,17,Football Bowl Subdivision,Big 12 Conference,"CA$161,512,069.00","CA$18,067,195.00",CA$0.00,"CA$161,672,258.00","CA$12,354,633.00","CA$19,163,999.00",CA$0.00,"CA$42,805,018.00","CA$14,699,575.00"
Colorado State University,126818,2021,,,Football Bowl Subdivision,Mountain West Conference,"CA$48,821,899.00",,,"CA$49,775,170.00","CA$5,633,418.00","CA$3,403,022.00","CA$1,137,964,067.00","CA$25,895,035.00","CA$4,583,503.00"
Colorado State University,126818,2022,,,Football Bowl Subdivision,Mountain West Conference,"CA$61,220,502.00",,,"CA$61,263,230.00","CA$6,386,625.00","CA$10,994,149.00","CA$1,232,499,683.00","CA$30,924,749.00","CA$5,416,995.00"
Colorado State University,126818,2023,,,Football Bowl Subdivision,Mountain West Conference,"CA$64,463,788.00",,,"CA$64,304,072.00","CA$6,967,090.00","CA$11,518,062.00",CA$0.00,"CA$29,782,795.00","CA$4,763,270.00"
Colorado State University,126818,2024,,,Football Bowl Subdivision,Mountain West Conference,"CA$73,249,092.00",,,"CA$73,501,380.00","CA$6,547,939.00","CA$14,173,621.00",CA$0.00,"CA$31,356,224.00","CA$5,190,670.00"
Colorado State University,126818,2025,387,16,Football Bowl Subdivision,Mountain West Conference,"CA$75,239,063.00","CA$11,985,962.00",CA$0.00,"CA$74,737,127.00","CA$6,702,402.00","CA$12,006,438.00",CA$0.00,"CA$37,791,844.00","CA$6,461,269.00"
University of Connecticut,129020,2021,,,Football Bowl Subdivision,Independent,"CA$60,827,848.00",,,"CA$58,354,901.00","CA$6,173,361.00","CA$2,014,571.00","CA$1,191,941,420.00","CA$10,064,486.00","CA$3,644,222.00"
University of Connecticut,129020,2022,,,Football Bowl Subdivision,Independent,"CA$96,742,518.00",,,"CA$99,041,960.00","CA$10,030,330.00","CA$13,614,837.00","CA$1,324,426,377.00","CA$18,443,327.00","CA$3,382,036.00"
University of Connecticut,129020,2023,,,Football Bowl Subdivision,American Athletic Conference,"CA$90,718,903.00",,,"CA$93,115,408.00","CA$10,583,732.00","CA$17,741,104.00",CA$0.00,"CA$20,070,343.00","CA$4,549,612.00"
University of Connecticut,129020,2024,,,Football Bowl Subdivision,Independent,"CA$100,969,851.00",,,"CA$105,579,698.00","CA$10,416,182.00","CA$14,116,403.00",CA$0.00,"CA$18,450,969.00","CA$3,933,385.00"
University of Connecticut,129020,2025,588,21,Football Bowl Subdivision,Independent,"CA$109,674,008.00","CA$15,635,518.00",CA$0.00,"CA$117,288,137.00","CA$10,983,434.00","CA$20,234,250.00",CA$0.00,"CA$20,651,432.00","CA$4,908,244.00"
University of Central Florida,132903,2021,,,Football Bowl Subdivision,American Athletic Conference,"CA$60,848,697.00",,,"CA$68,253,692.00","CA$7,739,979.00","CA$7,696,823.00","CA$1,146,527,644.00","CA$23,728,305.00","CA$7,556,029.00"
University of Central Florida,132903,2022,,,Football Bowl Subdivision,American Athletic Conference,"CA$69,099,289.00",,,"CA$89,228,205.00","CA$6,822,645.00","CA$14,350,681.00","CA$1,240,697,326.00","CA$22,219,548.00","CA$6,744,747.00"
University of Central Florida,132903,2023,,,Football Bowl Subdivision,American Athletic Conference,"CA$88,199,644.00",,,"CA$84,670,604.00","CA$12,675,241.00","CA$14,619,677.00",CA$0.00,"CA$30,098,692.00","CA$7,426,435.00"
University of Central Florida,132903,2024,,,Football Bowl Subdivision,Big 12 Conference,"CA$97,454,743.00",,,"CA$98,160,005.00","CA$12,692,232.00","CA$15,427,879.00",CA$0.00,"CA$36,049,272.00","CA$9,384,211.00"
University of Central Florida,132903,2025,423,16,Football Bowl Subdivision,Big 12 Conference,"CA$103,615,446.00","CA$15,711,017.00",CA$0.00,"CA$108,885,089.00","CA$13,883,426.00","CA$27,906,716.00",CA$0.00,"CA$38,695,139.00","CA$9,363,180.00"
Florida Atlantic University,133669,2021,,,Football Bowl Subdivision,Conference USA,"CA$32,472,125.00",,,"CA$33,610,768.00","CA$463,799.00","CA$4,266,885.00","CA$557,263,484.00","CA$8,017,146.00","CA$3,177,761.00"
Florida Atlantic University,133669,2022,,,Football Bowl Subdivision,Conference USA,"CA$38,132,721.00",,,"CA$39,201,524.00","CA$635,699.00","CA$6,848,265.00","CA$568,384,005.00","CA$13,549,419.00","CA$3,434,588.00"
Florida Atlantic University,133669,2023,,,Football Bowl Subdivision,Conference USA,"CA$42,642,154.00",,,"CA$44,684,229.00","CA$1,551,380.00","CA$6,969,306.00",CA$0.00,"CA$15,116,327.00","CA$3,584,419.00"
Florida Atlantic University,133669,2024,,,Football Bowl Subdivision,American Athletic Conference,"CA$50,213,094.00",,,"CA$56,213,887.00","CA$1,914,404.00","CA$13,378,557.00",CA$0.00,"CA$16,688,417.00","CA$3,508,965.00"
Florida Atlantic University,133669,2025,421,19,Football Bowl Subdivision,American Athletic Conference,"CA$52,548,638.00","CA$6,343,007.00",CA$0.00,"CA$52,588,880.00","CA$1,363,050.00","CA$8,724,746.00",CA$0.00,"CA$18,753,366.00","CA$3,968,326.00"
Florida International University,133951,2021,,,Football Bowl Subdivision,Conference USA,"CA$28,752,899.00",,,"CA$38,476,796.00","CA$308,701.00","CA$1,541,114.00","CA$987,048,987.00","CA$11,408,356.00","CA$3,779,752.00"
Florida International University,133951,2022,,,Football Bowl Subdivision,Conference USA,"CA$39,433,624.00",,,"CA$41,043,885.00","CA$1,226,497.00","CA$624,176.00","CA$1,106,574,964.00","CA$9,887,723.00","CA$3,509,209.00"
Florida International University,133951,2023,,,Football Bowl Subdivision,Conference USA,"CA$45,274,382.00",,,"CA$42,818,447.00","CA$642,519.00","CA$2,786,344.00",CA$0.00,"CA$11,363,820.00","CA$3,092,733.00"
Florida International University,133951,2024,,,Football Bowl Subdivision,Conference USA,"CA$46,752,549.00",,,"CA$43,424,078.00","CA$729,883.00","CA$3,422,099.00",CA$0.00,"CA$11,654,599.00","CA$3,506,030.00"
Florida International University,133951,2025,452,17,Football Bowl Subdivision,Conference USA,"CA$45,625,655.00","CA$3,296,234.00",CA$0.00,"CA$48,389,066.00","CA$2,064,796.00","CA$3,322,508.00",CA$0.00,"CA$12,961,970.00","CA$4,395,194.00"
Florida State University,134097,2021,,,Football Bowl Subdivision,Atlantic Coast Conference,"CA$121,923,106.00",,,"CA$129,743,001.00","CA$17,751,098.00","CA$43,791,006.00","CA$1,221,472,774.00","CA$36,751,494.00","CA$9,491,573.00"
Florida State University,134097,2022,,,Football Bowl Subdivision,Atlantic Coast Conference,"CA$150,777,734.00",,,"CA$161,141,884.00","CA$24,428,412.00","CA$42,279,406.00","CA$1,356,143,305.00","CA$54,558,109.00","CA$12,633,848.00"
Florida State University,134097,2023,,,Football Bowl Subdivision,Atlantic Coast Conference,"CA$172,130,700.00",,,"CA$169,558,790.00","CA$23,361,428.00","CA$54,619,781.00",CA$0.00,"CA$75,646,762.00","CA$12,038,693.00"
Florida State University,134097,2024,,,Football Bowl Subdivision,Atlantic Coast Conference,"CA$169,769,967.00",,,"CA$185,000,688.00","CA$27,744,400.00","CA$62,627,863.00",CA$0.00,"CA$61,109,773.00","CA$17,749,188.00"
Florida State University,134097,2025,476,20,Football Bowl Subdivision,Atlantic Coast Conference,"CA$208,187,039.00","CA$15,000,336.00",CA$0.00,"CA$211,950,623.00","CA$14,187,618.00","CA$55,634,744.00",CA$0.00,"CA$85,376,878.00","CA$17,940,007.00"
University of Florida,134130,2021,,,Football Bowl Subdivision,Southeastern Conference,"CA$123,298,839.00",,,"CA$138,854,234.00","CA$8,393,886.00","CA$16,134,112.00","CA$3,138,079,000.00","CA$29,789,919.00","CA$13,156,357.00"
University of Florida,134130,2022,,,Football Bowl Subdivision,Southeastern Conference,"CA$174,365,070.00",,,"CA$190,417,139.00","CA$9,526,337.00","CA$61,364,272.00","CA$4,041,583,000.00","CA$61,244,174.00","CA$16,051,171.00"
University of Florida,134130,2023,,,Football Bowl Subdivision,Southeastern Conference,"CA$175,738,444.00",,,"CA$189,142,176.00","CA$10,248,588.00","CA$52,204,568.00",CA$0.00,"CA$46,453,763.00","CA$15,626,210.00"
University of Florida,134130,2024,,,Football Bowl Subdivision,Southeastern Conference,"CA$179,243,138.00",,,"CA$200,094,587.00","CA$10,311,627.00","CA$50,398,910.00",CA$0.00,"CA$46,031,605.00","CA$15,152,892.00"
University of Florida,134130,2025,555,21,Football Bowl Subdivision,Southeastern Conference,"CA$200,999,975.00","CA$22,887,598.00",CA$0.00,"CA$221,065,538.00","CA$10,958,032.00","CA$53,495,667.00",CA$0.00,"CA$52,016,013.00","CA$16,917,973.00"
University of South Florida,137351,2021,,,Football Bowl Subdivision,American Athletic Conference,"CA$50,932,188.00",,,"CA$59,975,230.00","CA$6,006,070.00","CA$6,221,198.00","CA$1,263,409,548.00","CA$15,474,757.00","CA$4,476,008.00"
University of South Florida,137351,2022,,,Football Bowl Subdivision,American Athletic Conference,"CA$62,288,597.00",,,"CA$56,110,830.00","CA$3,638,210.00","CA$7,118,757.00","CA$1,333,224,849.00","CA$18,695,340.00","CA$5,639,275.00"
University of South Florida,137351,2023,,,Football Bowl Subdivision,American Athletic Conference,"CA$70,722,257.00",,,"CA$70,586,517.00","CA$5,817,676.00","CA$10,451,247.00",CA$0.00,"CA$22,057,648.00","CA$5,715,439.00"
University of South Florida,137351,2024,,,Football Bowl Subdivision,American Athletic Conference,"CA$101,933,843.00",,,"CA$103,549,435.00","CA$5,146,921.00","CA$12,110,911.00",CA$0.00,"CA$31,067,489.00","CA$6,916,974.00"
University of South Florida,137351,2025,518,18,Football Bowl Subdivision,American Athletic Conference,"CA$104,460,073.00","CA$17,339,593.00",CA$0.00,"CA$106,811,267.00","CA$5,222,866.00","CA$9,919,780.00",CA$0.00,"CA$33,352,741.00","CA$7,087,925.00"
Georgia Institute of Technology,139755,2021,,,Football Bowl Subdivision,Atlantic Coast Conference,"CA$85,999,316.00",,,"CA$86,198,858.00","CA$7,220,287.00","CA$7,743,371.00","CA$1,835,936,268.00","CA$19,854,441.00","CA$7,434,688.00"
Georgia Institute of Technology,139755,2022,,,Football Bowl Subdivision,Atlantic Coast Conference,"CA$104,719,581.00",,,"CA$106,635,094.00","CA$6,363,328.00","CA$13,749,430.00","CA$2,072,920,575.00","CA$26,494,520.00","CA$8,423,339.00"
Georgia Institute of Technology,139755,2023,,,Football Bowl Subdivision,Atlantic Coast Conference,"CA$132,273,817.00",,,"CA$133,771,921.00","CA$5,507,749.00","CA$21,909,031.00",CA$0.00,"CA$35,427,186.00","CA$9,027,118.00"
Georgia Institute of Technology,139755,2024,,,Football Bowl Subdivision,Atlantic Coast Conference,"CA$141,433,972.00",,,"CA$141,821,387.00","CA$4,649,502.00","CA$24,003,811.00",CA$0.00,"CA$41,888,740.00","CA$12,062,008.00"
Georgia Institute of Technology,139755,2025,450,17,Football Bowl Subdivision,Atlantic Coast Conference,"CA$155,972,603.00","CA$17,601,705.00",CA$0.00,"CA$156,050,577.00","CA$218,424.00","CA$38,778,942.00",CA$0.00,"CA$39,791,872.00","CA$11,386,511.00"
Georgia Southern University,139931,2021,,,Football Bowl Subdivision,Sun Belt Conference,"CA$28,954,190.00",,,"CA$28,954,190.00","CA$867,729.00","CA$1,362,200.00","CA$321,809,915.00","CA$7,787,679.00","CA$2,823,392.00"
Georgia Southern University,139931,2022,,,Football Bowl Subdivision,Sun Belt Conference,"CA$30,700,262.00",,,"CA$30,700,262.00","CA$1,255,844.00","CA$3,138,595.00","CA$363,091,108.00","CA$9,387,255.00","CA$2,978,066.00"
Georgia Southern University,139931,2023,,,Football Bowl Subdivision,Sun Belt Conference,"CA$35,614,506.00",,,"CA$35,614,506.00","CA$1,228,731.00","CA$5,977,446.00",CA$0.00,"CA$10,575,189.00","CA$2,752,378.00"
Georgia Southern University,139931,2024,,,Football Bowl Subdivision,Sun Belt Conference,"CA$38,906,466.00",,,"CA$37,733,974.00","CA$1,496,997.00","CA$6,864,852.00",CA$0.00,"CA$12,753,780.00","CA$2,849,653.00"
Georgia Southern University,139931,2025,502,17,Football Bowl Subdivision,Sun Belt Conference,"CA$44,905,774.00","CA$10,289,056.00",CA$0.00,"CA$43,923,841.00","CA$1,592,217.00","CA$10,523,311.00",CA$0.00,"CA$12,433,448.00","CA$3,270,066.00"
Georgia State University,139940,2021,,,Football Bowl Subdivision,Sun Belt Conference,"CA$32,064,332.00",,,"CA$30,481,854.00","CA$1,815,128.00","CA$609,115.00","CA$657,333,945.00","CA$8,454,933.00","CA$3,055,199.00"
Georgia State University,139940,2022,,,Football Bowl Subdivision,Sun Belt Conference,"CA$39,913,963.00",,,"CA$45,666,910.00","CA$2,238,070.00","CA$4,146,278.00","CA$727,959,291.00","CA$9,235,632.00","CA$3,228,067.00"
Georgia State University,139940,2023,,,Football Bowl Subdivision,Sun Belt Conference,"CA$36,803,758.00",,,"CA$38,838,368.00","CA$2,702,582.00","CA$800,786.00",CA$0.00,"CA$9,227,781.00","CA$3,243,368.00"
Georgia State University,139940,2024,,,Football Bowl Subdivision,Sun Belt Conference,"CA$39,204,432.00",,,"CA$38,391,230.00","CA$2,500,457.00","CA$1,390,710.00",CA$0.00,"CA$11,539,752.00","CA$3,299,276.00"
Georgia State University,139940,2025,380,16,Football Bowl Subdivision,Sun Belt Conference,"CA$39,979,520.00","CA$9,864,610.00",CA$0.00,"CA$39,849,287.00","CA$2,689,383.00","CA$3,020,752.00",CA$0.00,"CA$11,950,690.00","CA$3,328,547.00"
University of Georgia,139959,2021,,,Football Bowl Subdivision,Southeastern Conference,"CA$124,113,714.00",,,"CA$169,064,656.00","CA$11,513,413.00","CA$45,149,286.00","CA$1,441,706,221.00","CA$36,192,952.00","CA$16,021,581.00"
University of Georgia,139959,2022,,,Football Bowl Subdivision,Southeastern Conference,"CA$169,995,701.00",,,"CA$203,048,566.00","CA$20,779,037.00","CA$74,315,945.00","CA$1,596,215,607.00","CA$61,722,123.00","CA$22,093,910.00"
University of Georgia,139959,2023,,,Football Bowl Subdivision,Southeastern Conference,"CA$187,486,671.00",,,"CA$210,108,069.00","CA$23,194,797.00","CA$75,881,409.00",CA$0.00,"CA$69,069,745.00","CA$26,410,851.00"
University of Georgia,139959,2024,,,Football Bowl Subdivision,Southeastern Conference,"CA$195,107,728.00",,,"CA$241,843,473.00","CA$23,008,065.00","CA$101,337,263.00",CA$0.00,"CA$68,931,272.00","CA$25,427,211.00"
University of Georgia,139959,2025,561,21,Football Bowl Subdivision,Southeastern Conference,"CA$240,263,345.00","CA$23,104,134.00",CA$0.00,"CA$233,526,965.00","CA$23,506,854.00","CA$54,249,932.00",CA$0.00,"CA$71,107,706.00","CA$27,519,896.00"
"University of Hawaii, Manoa",141574,2021,,,Football Bowl Subdivision,Mountain West Conference,"CA$41,150,162.00",,,"CA$44,641,605.00","CA$3,343,724.00","CA$7,639,044.00","CA$842,824,378.00","CA$10,896,286.00","CA$3,204,924.00"
"University of Hawaii, Manoa",141574,2022,,,Football Bowl Subdivision,Mountain West Conference,"CA$48,029,141.00",,,"CA$49,422,827.00","CA$3,067,737.00","CA$4,449,768.00","CA$845,291,836.00","CA$12,476,534.00","CA$3,040,203.00"
"University of Hawaii, Manoa",141574,2023,,,Football Bowl Subdivision,Mountain West Conference,"CA$52,696,666.00",,,"CA$53,867,030.00","CA$4,975,536.00","CA$5,038,376.00",CA$0.00,"CA$13,967,574.00","CA$2,968,034.00"
"University of Hawaii, Manoa",141574,2024,,,Football Bowl Subdivision,Mountain West Conference,"CA$59,858,162.00",,,"CA$57,738,309.00","CA$4,533,415.00","CA$4,726,106.00",CA$0.00,"CA$13,969,352.00","CA$3,213,314.00"
"University of Hawaii, Manoa",141574,2025,582,19,Football Bowl Subdivision,Mountain West Conference,"CA$58,698,857.00","CA$12,931,562.00",CA$0.00,"CA$58,536,743.00","CA$4,467,673.00","CA$6,205,330.00",CA$0.00,"CA$13,943,117.00","CA$3,110,946.00"
Boise State University,142115,2021,,,Football Bowl Subdivision,Mountain West Conference,"CA$40,126,524.00",,,"CA$39,920,577.00","CA$3,784,975.00","CA$4,741,755.00","CA$338,578,319.00","CA$14,765,240.00","CA$4,702,546.00"
Boise State University,142115,2022,,,Football Bowl Subdivision,Mountain West Conference,"CA$50,328,947.00",,,"CA$50,569,147.00","CA$6,194,533.00","CA$9,601,581.00","CA$379,771,585.00","CA$18,442,286.00","CA$4,256,475.00"
Boise State University,142115,2023,,,Football Bowl Subdivision,Mountain West Conference,"CA$58,257,005.00",,,"CA$60,653,009.00","CA$6,342,640.00","CA$13,262,783.00",CA$0.00,"CA$21,475,842.00","CA$4,898,374.00"
Boise State University,142115,2024,,,Football Bowl Subdivision,Mountain West Conference,"CA$65,583,926.00",,,"CA$68,357,435.00","CA$7,446,810.00","CA$16,179,801.00",CA$0.00,"CA$25,316,565.00","CA$5,324,853.00"
Boise State University,142115,2025,383,18,Football Bowl Subdivision,Mountain West Conference,"CA$75,586,706.00","CA$12,794,064.00",CA$0.00,"CA$95,551,524.00","CA$8,595,204.00","CA$23,941,473.00",CA$0.00,"CA$30,738,142.00","CA$7,439,336.00"
University of Illinois Urbana-Champaign,145637,2021,,,Football Bowl Subdivision,Big Ten Conference,"CA$102,006,085.00",,,"CA$98,811,643.00","CA$4,112,705.00","CA$33,866,174.00","CA$2,837,127,641.00","CA$21,381,419.00","CA$9,324,510.00"
University of Illinois Urbana-Champaign,145637,2022,,,Football Bowl Subdivision,Big Ten Conference,"CA$129,119,247.00",,,"CA$145,735,330.00","CA$6,123,020.00","CA$40,963,477.00","CA$2,701,885,360.00","CA$29,035,739.00","CA$10,963,720.00"
University of Illinois Urbana-Champaign,145637,2023,,,Football Bowl Subdivision,Big Ten Conference,"CA$152,809,698.00",,,"CA$148,345,919.00","CA$6,610,416.00","CA$35,418,645.00",CA$0.00,"CA$35,166,057.00","CA$12,244,759.00"
University of Illinois Urbana-Champaign,145637,2024,,,Football Bowl Subdivision,Big Ten Conference,"CA$169,474,512.00",,,"CA$174,067,436.00","CA$7,066,819.00","CA$57,770,194.00",CA$0.00,"CA$38,984,930.00","CA$15,136,621.00"
University of Illinois Urbana-Champaign,145637,2025,546,21,Football Bowl Subdivision,Big Ten Conference,"CA$189,859,538.00","CA$20,364,250.00",CA$0.00,"CA$194,761,178.00","CA$8,725,169.00","CA$50,720,205.00",CA$0.00,"CA$49,268,450.00","CA$16,457,750.00"
Northern Illinois University,147703,2021,,,Football Bowl Subdivision,Mid-American Conference,"CA$17,717,741.00",,,"CA$17,125,504.00","CA$166,047.00","CA$1,486,072.00","CA$469,977,919.00","CA$5,552,694.00","CA$1,862,829.00"
Northern Illinois University,147703,2022,,,Football Bowl Subdivision,Mid-American Conference,"CA$24,097,387.00",,,"CA$22,177,045.00","CA$1,225,562.00","CA$2,584,389.00","CA$466,153,688.00","CA$8,153,654.00","CA$2,053,012.00"
Northern Illinois University,147703,2023,,,Football Bowl Subdivision,Mid-American Conference,"CA$26,413,529.00",,,"CA$24,157,870.00","CA$746,053.00","CA$2,164,457.00",CA$0.00,"CA$7,930,687.00","CA$1,967,851.00"
Northern Illinois University,147703,2024,,,Football Bowl Subdivision,Mid-American Conference,"CA$34,489,400.00",,,"CA$29,239,753.00","CA$1,187,087.00","CA$1,761,204.00",CA$0.00,"CA$11,578,200.00","CA$2,163,128.00"
Northern Illinois University,147703,2025,445,17,Football Bowl Subdivision,Mid-American Conference,"CA$37,950,764.00","CA$8,518,148.00",CA$0.00,"CA$31,290,147.00","CA$933,280.00","CA$1,924,268.00",CA$0.00,"CA$13,269,400.00","CA$2,251,992.00"
Ball State University,150136,2021,,,Football Bowl Subdivision,Mid-American Conference,"CA$23,243,252.00",,,"CA$23,376,436.00","CA$147,914.00",CA$0.00,"CA$389,779,956.00","CA$5,997,965.00","CA$2,009,559.00"
Ball State University,150136,2022,,,Football Bowl Subdivision,Mid-American Conference,"CA$28,526,892.00",,,"CA$28,804,851.00","CA$630,073.00","CA$1,280,729.00","CA$420,386,124.00","CA$8,341,965.00","CA$2,457,569.00"
Ball State University,150136,2023,,,Football Bowl Subdivision,Mid-American Conference,"CA$30,482,485.00",,,"CA$30,273,216.00","CA$669,285.00","CA$1,874,597.00",CA$0.00,"CA$8,779,641.00","CA$2,369,616.00"
Ball State University,150136,2024,,,Football Bowl Subdivision,Mid-American Conference,"CA$29,311,450.00",,,"CA$32,402,369.00","CA$719,726.00","CA$1,389,677.00",CA$0.00,"CA$7,913,337.00","CA$2,431,640.00"
Ball State University,150136,2025,468,19,Football Bowl Subdivision,Mid-American Conference,"CA$34,771,799.00","CA$8,805,164.00",CA$0.00,"CA$34,744,305.00","CA$753,699.00","CA$2,225,741.00",CA$0.00,"CA$9,485,095.00","CA$2,895,887.00"
"Indiana University, Bloomington",151351,2021,,,Football Bowl Subdivision,Big Ten Conference,"CA$102,582,541.00",,,"CA$78,083,857.00","CA$8,401,730.00","CA$19,171,854.00","CA$1,369,905,248.00","CA$23,938,872.00","CA$9,500,831.00"
"Indiana University, Bloomington",151351,2022,,,Football Bowl Subdivision,Big Ten Conference,"CA$132,392,596.00",,,"CA$166,761,471.00","CA$10,701,337.00","CA$61,660,023.00","CA$1,474,592,120.00","CA$31,835,580.00","CA$10,861,709.00"
"Indiana University, Bloomington",151351,2023,,,Football Bowl Subdivision,Big Ten Conference,"CA$139,087,323.00",,,"CA$144,706,586.00","CA$17,425,791.00","CA$20,150,412.00",CA$0.00,"CA$34,163,990.00","CA$11,203,231.00"
"Indiana University, Bloomington",151351,2024,,,Football Bowl Subdivision,Big Ten Conference,"CA$176,658,602.00",,,"CA$173,554,816.00","CA$11,908,718.00","CA$24,079,523.00",CA$0.00,"CA$61,588,425.00","CA$14,226,355.00"
"Indiana University, Bloomington",151351,2025,672,24,Football Bowl Subdivision,Big Ten Conference,"CA$173,020,646.00","CA$23,776,624.00",CA$0.00,"CA$183,432,522.00","CA$11,283,870.00","CA$26,431,033.00",CA$0.00,"CA$50,710,163.00","CA$18,790,963.00"
Iowa State University,153603,2021,,,Football Bowl Subdivision,Big 12 Conference,"CA$89,008,720.00",,,"CA$72,046,100.00","CA$2,630,072.00","CA$17,104,715.00","CA$999,818,165.00","CA$24,085,630.00","CA$9,251,367.00"
Iowa State University,153603,2022,,,Football Bowl Subdivision,Big 12 Conference,"CA$111,227,458.00",,,"CA$111,287,492.00","CA$2,803,091.00","CA$23,036,374.00","CA$1,080,514,182.00","CA$28,664,216.00","CA$10,345,491.00"
Iowa State University,153603,2023,,,Football Bowl Subdivision,Big 12 Conference,"CA$115,523,596.00",,,"CA$115,584,170.00","CA$3,147,790.00","CA$29,911,146.00",CA$0.00,"CA$27,779,324.00","CA$10,198,392.00"
Iowa State University,153603,2024,,,Football Bowl Subdivision,Big 12 Conference,"CA$122,046,246.00",,,"CA$122,118,465.00","CA$3,154,708.00","CA$36,031,495.00",CA$0.00,"CA$30,134,394.00","CA$10,178,872.00"
Iowa State University,153603,2025,443,18,Football Bowl Subdivision,Big 12 Conference,"CA$117,984,063.00","CA$15,199,376.00",CA$0.00,"CA$117,990,108.00","CA$2,281,324.00","CA$29,359,925.00",CA$0.00,"CA$33,289,781.00","CA$11,623,001.00"
University of Iowa,153658,2021,,,Football Bowl Subdivision,Big Ten Conference,"CA$116,755,350.00",,,"CA$74,789,832.00","CA$7,919,014.00","CA$14,546,695.00","CA$1,358,717,000.00","CA$29,686,991.00","CA$13,371,696.00"
University of Iowa,153658,2022,,,Football Bowl Subdivision,Big Ten Conference,"CA$151,144,861.00",,,"CA$151,483,092.00","CA$11,638,182.00","CA$32,595,258.00","CA$1,447,279,000.00","CA$49,396,133.00","CA$19,082,369.00"
University of Iowa,153658,2023,,,Football Bowl Subdivision,Big Ten Conference,"CA$160,302,475.00",,,"CA$167,417,806.00","CA$13,159,689.00","CA$45,861,913.00",CA$0.00,"CA$45,560,483.00","CA$17,946,610.00"
University of Iowa,153658,2024,,,Football Bowl Subdivision,Big Ten Conference,"CA$170,440,362.00",,,"CA$173,213,953.00","CA$13,480,939.00","CA$41,990,246.00",CA$0.00,"CA$55,519,659.00","CA$21,026,387.00"
University of Iowa,153658,2025,681,21,Football Bowl Subdivision,Big Ten Conference,"CA$173,379,699.00","CA$22,876,951.00",CA$0.00,"CA$179,978,091.00","CA$13,142,787.00","CA$35,071,275.00",CA$0.00,"CA$50,894,412.00","CA$20,497,858.00"
University of Kansas,155317,2021,,,Football Bowl Subdivision,Big 12 Conference,"CA$94,140,743.00",,,"CA$92,325,635.00","CA$11,128,501.00","CA$21,867,987.00","CA$1,178,620,898.00","CA$19,661,307.00","CA$6,227,905.00"
University of Kansas,155317,2022,,,Football Bowl Subdivision,Big 12 Conference,"CA$108,696,078.00",,,"CA$118,020,175.00","CA$13,325,979.00","CA$27,261,662.00","CA$1,239,999,953.00","CA$21,282,124.00","CA$6,537,275.00"
University of Kansas,155317,2023,,,Football Bowl Subdivision,Big 12 Conference,"CA$124,210,259.00",,,"CA$128,398,186.00","CA$12,668,916.00","CA$29,682,855.00",CA$0.00,"CA$28,183,467.00","CA$9,826,664.00"
University of Kansas,155317,2024,,,Football Bowl Subdivision,Big 12 Conference,"CA$138,091,318.00",,,"CA$135,189,512.00","CA$14,276,769.00","CA$29,580,388.00",CA$0.00,"CA$31,326,379.00","CA$12,130,069.00"
University of Kansas,155317,2025,539,18,Football Bowl Subdivision,Big 12 Conference,"CA$148,361,190.00","CA$20,036,083.00",CA$0.00,"CA$143,856,096.00","CA$12,147,484.00","CA$43,525,195.00",CA$0.00,"CA$34,516,494.00","CA$12,918,953.00"
Kansas State University,155399,2021,,,Football Bowl Subdivision,Big 12 Conference,"CA$87,729,711.00",,,"CA$67,602,026.00","CA$2,697,913.00","CA$13,963,186.00","CA$690,255,523.00","CA$17,527,638.00","CA$6,621,232.00"
Kansas State University,155399,2022,,,Football Bowl Subdivision,Big 12 Conference,"CA$82,220,606.00",,,"CA$100,822,204.00","CA$1,342,736.00","CA$28,109,188.00","CA$712,016,973.00","CA$24,148,400.00","CA$8,405,778.00"
Kansas State University,155399,2023,,,Football Bowl Subdivision,Big 12 Conference,"CA$95,281,944.00",,,"CA$102,332,761.00","CA$1,909,126.00","CA$26,072,814.00",CA$0.00,"CA$27,667,208.00","CA$10,337,031.00"
Kansas State University,155399,2024,,,Football Bowl Subdivision,Big 12 Conference,"CA$103,800,261.00",,,"CA$104,110,605.00","CA$7,419,641.00","CA$33,617,654.00",CA$0.00,"CA$28,266,510.00","CA$9,867,358.00"
Kansas State University,155399,2025,475,16,Football Bowl Subdivision,Big 12 Conference,"CA$103,671,290.00","CA$11,579,979.00",CA$0.00,"CA$116,289,549.00","CA$9,914,071.00","CA$40,326,537.00",CA$0.00,"CA$27,762,499.00","CA$10,945,497.00"
University of Kentucky,157085,2021,,,Football Bowl Subdivision,Southeastern Conference,"CA$120,938,509.00",,,"CA$121,477,527.00","CA$5,087,463.00","CA$3,659,434.00","CA$1,715,666,835.00","CA$24,684,438.00","CA$11,440,169.00"
University of Kentucky,157085,2022,,,Football Bowl Subdivision,Southeastern Conference,"CA$158,840,674.00",,,"CA$159,079,024.00","CA$5,697,716.00","CA$27,938,279.00","CA$1,919,245,503.00","CA$36,465,661.00","CA$14,341,657.00"
University of Kentucky,157085,2023,,,Football Bowl Subdivision,Southeastern Conference,"CA$174,280,835.00",,,"CA$174,485,651.00","CA$9,245,150.00","CA$38,032,422.00",CA$0.00,"CA$39,727,787.00","CA$16,966,573.00"
University of Kentucky,157085,2024,,,Football Bowl Subdivision,Southeastern Conference,"CA$201,628,286.00",,,"CA$201,681,605.00","CA$6,567,555.00","CA$61,532,153.00",CA$0.00,"CA$45,254,353.00","CA$18,902,164.00"
University of Kentucky,157085,2025,676,23,Football Bowl Subdivision,Southeastern Conference,"CA$192,550,821.00","CA$25,055,779.00",CA$0.00,"CA$185,082,823.00","CA$7,115,471.00","CA$32,710,445.00",CA$0.00,"CA$42,016,170.00","CA$18,392,239.00"
University of Louisville,157289,2021,,,Football Bowl Subdivision,Atlantic Coast Conference,"CA$109,320,333.00",,,"CA$101,110,217.00","CA$26,155,862.00","CA$11,641,455.00","CA$951,597,000.00","CA$23,075,716.00","CA$8,526,846.00"
University of Louisville,157289,2022,,,Football Bowl Subdivision,Atlantic Coast Conference,"CA$139,978,927.00",,,"CA$146,225,965.00","CA$24,681,920.00","CA$30,413,091.00","CA$1,061,876,000.00","CA$34,994,933.00","CA$9,776,832.00"
University of Louisville,157289,2023,,,Football Bowl Subdivision,Atlantic Coast Conference,"CA$140,216,963.00",,,"CA$142,806,809.00","CA$28,701,669.00","CA$24,378,455.00",CA$0.00,"CA$33,215,961.00","CA$11,262,794.00"
University of Louisville,157289,2024,,,Football Bowl Subdivision,Atlantic Coast Conference,"CA$165,168,804.00",,,"CA$150,603,594.00","CA$27,064,018.00","CA$23,060,390.00",CA$0.00,"CA$38,777,030.00","CA$13,632,430.00"
University of Louisville,157289,2025,612,23,Football Bowl Subdivision,Atlantic Coast Conference,"CA$160,408,294.00","CA$19,464,202.00","CA$12,657,868.00","CA$146,912,011.00","CA$24,645,765.00","CA$21,203,827.00",CA$0.00,"CA$31,710,311.00","CA$12,365,759.00"
Western Kentucky University,157951,2021,,,Football Bowl Subdivision,Conference USA,"CA$28,866,023.00",,,"CA$28,866,023.00","CA$963,511.00","CA$3,408,011.00","CA$284,978,573.00","CA$8,805,001.00","CA$2,176,600.00"
Western Kentucky University,157951,2022,,,Football Bowl Subdivision,Conference USA,"CA$35,142,710.00",,,"CA$35,142,710.00","CA$1,092,240.00","CA$3,015,146.00","CA$291,834,156.00","CA$10,133,109.00","CA$2,522,702.00"
Western Kentucky University,157951,2023,,,Football Bowl Subdivision,Conference USA,"CA$40,380,458.00",,,"CA$40,380,458.00","CA$2,072,117.00","CA$3,269,824.00",CA$0.00,"CA$11,182,362.00","CA$2,722,437.00"
Western Kentucky University,157951,2024,,,Football Bowl Subdivision,Conference USA,"CA$45,150,016.00",,,"CA$45,150,016.00","CA$525,780.00","CA$5,313,538.00",CA$0.00,"CA$11,207,656.00","CA$3,240,806.00"
Western Kentucky University,157951,2025,411,16,Football Bowl Subdivision,Conference USA,"CA$40,028,339.00","CA$6,292,954.00",CA$0.00,"CA$40,028,339.00","CA$2,043,496.00","CA$2,170,377.00",CA$0.00,"CA$11,369,674.00","CA$3,241,334.00"
Louisiana State University,159391,2021,,,Football Bowl Subdivision,Southeastern Conference,"CA$131,855,613.00",,,"CA$121,893,544.00","CA$3,796,228.00","CA$21,870,291.00","CA$895,484,874.00","CA$30,822,136.00","CA$16,501,799.00"
Louisiana State University,159391,2022,,,Football Bowl Subdivision,Southeastern Conference,"CA$197,365,660.00",,,"CA$199,309,382.00","CA$3,321,054.00","CA$75,929,827.00","CA$1,062,592,619.00","CA$59,384,456.00","CA$25,009,493.00"
Louisiana State University,159391,2023,,,Football Bowl Subdivision,Southeastern Conference,"CA$204,351,239.00",,,"CA$200,476,979.00","CA$3,651,920.00","CA$61,573,907.00",CA$0.00,"CA$51,594,352.00","CA$19,759,528.00"
Louisiana State University,159391,2024,,,Football Bowl Subdivision,Southeastern Conference,"CA$221,099,545.00",,,"CA$220,281,227.00","CA$4,838,589.00","CA$81,953,261.00",CA$0.00,"CA$55,478,319.00","CA$21,729,583.00"
Louisiana State University,159391,2025,498,21,Football Bowl Subdivision,Southeastern Conference,"CA$223,429,203.00","CA$22,921,939.00",CA$0.00,"CA$223,457,267.00","CA$5,056,844.00","CA$68,683,969.00",CA$0.00,"CA$50,738,588.00","CA$22,465,608.00"
Louisiana Tech University,159647,2021,,,Football Bowl Subdivision,Conference USA,"CA$23,133,588.00",,,"CA$22,727,889.00","CA$623,045.00","CA$3,813,361.00","CA$137,543,884.00","CA$7,025,526.00","CA$2,538,993.00"
Louisiana Tech University,159647,2022,,,Football Bowl Subdivision,Conference USA,"CA$28,294,724.00",,,"CA$28,693,958.00","CA$493,670.00","CA$4,712,014.00","CA$141,656,020.00","CA$9,612,615.00","CA$2,834,618.00"
Louisiana Tech University,159647,2023,,,Football Bowl Subdivision,Conference USA,"CA$30,741,026.00",,,"CA$26,818,378.00","CA$493,234.00","CA$5,562,461.00",CA$0.00,"CA$10,798,923.00","CA$2,762,031.00"
Louisiana Tech University,159647,2024,,,Football Bowl Subdivision,Conference USA,"CA$33,370,943.00",,,"CA$22,874,706.00","CA$509,308.00","CA$5,060,104.00",CA$0.00,"CA$10,946,827.00","CA$2,937,654.00"
Louisiana Tech University,159647,2025,402,16,Football Bowl Subdivision,Conference USA,"CA$36,969,559.00","CA$7,031,064.00",CA$0.00,"CA$24,832,957.00","CA$655,249.00","CA$5,473,118.00",CA$0.00,"CA$11,293,003.00","CA$3,027,367.00"
University of Louisiana at Monroe,159993,2021,,,Football Bowl Subdivision,Sun Belt Conference,"CA$18,140,898.00",,,"CA$16,820,553.00","CA$222,592.00","CA$958,898.00","CA$105,219,193.00","CA$6,518,946.00","CA$2,191,314.00"
University of Louisiana at Monroe,159993,2022,,,Football Bowl Subdivision,Sun Belt Conference,"CA$20,527,424.00",,,"CA$19,119,368.00","CA$706,041.00","CA$1,250,898.00","CA$131,098,922.00","CA$7,383,496.00","CA$1,965,903.00"
University of Louisiana at Monroe,159993,2023,,,Football Bowl Subdivision,Sun Belt Conference,"CA$21,116,234.00",,,"CA$19,440,802.00","CA$501,387.00","CA$1,753,265.00",CA$0.00,"CA$7,373,106.00","CA$2,062,961.00"
University of Louisiana at Monroe,159993,2024,,,Football Bowl Subdivision,Sun Belt Conference,"CA$22,726,456.00",,,"CA$18,233,877.00","CA$457,169.00","CA$1,923,718.00",CA$0.00,"CA$8,069,228.00","CA$2,592,706.00"
University of Louisiana at Monroe,159993,2025,510,17,Football Bowl Subdivision,Sun Belt Conference,"CA$23,570,365.00","CA$5,987,773.00",CA$0.00,"CA$21,990,326.00","CA$841,376.00","CA$2,292,041.00",CA$0.00,"CA$9,051,241.00","CA$2,565,897.00"
University of Louisiana at Lafayette,160658,2021,,,Football Bowl Subdivision,Sun Belt Conference,"CA$34,129,724.00",,,"CA$33,267,333.00","CA$658,961.00","CA$5,212,370.00","CA$298,473,729.00","CA$11,585,776.00","CA$4,202,340.00"
University of Louisiana at Lafayette,160658,2022,,,Football Bowl Subdivision,Sun Belt Conference,"CA$38,364,254.00",,,"CA$33,021,554.00","CA$996,607.00","CA$5,405,641.00","CA$305,951,947.00","CA$14,016,582.00","CA$4,169,517.00"
University of Louisiana at Lafayette,160658,2023,,,Football Bowl Subdivision,Sun Belt Conference,"CA$41,419,975.00",,,"CA$33,251,487.00","CA$829,383.00","CA$4,898,406.00",CA$0.00,"CA$13,444,588.00","CA$3,690,917.00"
University of Louisiana at Lafayette,160658,2024,,,Football Bowl Subdivision,Sun Belt Conference,"CA$46,177,198.00",,,"CA$33,569,616.00","CA$889,268.00","CA$4,547,163.00",CA$0.00,"CA$14,909,062.00","CA$3,743,067.00"
University of Louisiana at Lafayette,160658,2025,435,16,Football Bowl Subdivision,Sun Belt Conference,"CA$46,393,046.00","CA$10,249,714.00",CA$0.00,"CA$33,096,621.00","CA$398,883.00","CA$4,004,532.00",CA$0.00,"CA$15,088,232.00","CA$4,077,310.00"
"University of Maryland, College Park",163286,2021,,,Football Bowl Subdivision,Big Ten Conference,"CA$81,831,650.00",,,"CA$60,901,167.00","CA$6,126,554.00","CA$1,356,223.00","CA$1,678,090,218.00","CA$20,498,932.00","CA$7,453,770.00"
"University of Maryland, College Park",163286,2022,,,Football Bowl Subdivision,Big Ten Conference,"CA$114,385,462.00",,,"CA$107,526,374.00","CA$11,468,968.00","CA$9,990,560.00","CA$1,765,633,894.00","CA$30,801,233.00","CA$9,562,357.00"
"University of Maryland, College Park",163286,2023,,,Football Bowl Subdivision,Big Ten Conference,"CA$121,160,348.00",,,"CA$121,183,392.00","CA$11,530,077.00","CA$9,509,266.00",CA$0.00,"CA$33,999,400.00","CA$11,518,631.00"
"University of Maryland, College Park",163286,2024,,,Football Bowl Subdivision,Big Ten Conference,"CA$132,764,504.00",,,"CA$127,768,033.00","CA$12,521,116.00","CA$11,528,062.00",CA$0.00,"CA$37,007,117.00","CA$13,620,977.00"
"University of Maryland, College Park",163286,2025,546,20,Football Bowl Subdivision,Big Ten Conference,"CA$128,662,116.00","CA$24,694,440.00",CA$0.00,"CA$123,997,918.00","CA$7,906,346.00","CA$11,311,080.00",CA$0.00,"CA$35,502,618.00","CA$12,576,623.00"
University of Massachusetts Amherst,166629,2021,,,Football Bowl Subdivision,Independent,"CA$42,278,738.00",,,"CA$42,803,582.00","CA$612,912.00","CA$3,218,241.00","CA$1,073,118,305.00","CA$8,366,531.00","CA$1,882,064.00"
University of Massachusetts Amherst,166629,2022,,,Football Bowl Subdivision,Independent,"CA$52,853,964.00",,,"CA$53,639,818.00","CA$630,812.00","CA$2,899,096.00","CA$1,123,843,712.00","CA$10,714,987.00","CA$2,403,763.00"
University of Massachusetts Amherst,166629,2023,,,Football Bowl Subdivision,Independent,"CA$57,649,039.00",,,"CA$58,440,119.00","CA$917,354.00","CA$2,811,854.00",CA$0.00,"CA$11,223,566.00","CA$2,630,200.00"
University of Massachusetts Amherst,166629,2024,,,Football Bowl Subdivision,Independent,"CA$61,892,203.00",,,"CA$63,848,711.00","CA$922,506.00","CA$3,208,677.00",CA$0.00,"CA$11,572,248.00","CA$2,768,632.00"
University of Massachusetts Amherst,166629,2025,666,21,Football Bowl Subdivision,Independent,"CA$71,240,391.00","CA$15,553,829.00",CA$0.00,"CA$74,220,923.00","CA$334,868.00","CA$3,984,070.00",CA$0.00,"CA$15,945,233.00","CA$3,338,664.00"
Central Michigan University,169248,2021,,,Football Bowl Subdivision,Mid-American Conference,"CA$27,939,171.00",,,"CA$23,954,837.00","CA$216,861.00","CA$1,375,751.00","CA$328,274,793.00","CA$6,453,776.00","CA$2,693,753.00"
Central Michigan University,169248,2022,,,Football Bowl Subdivision,Mid-American Conference,"CA$34,284,909.00",,,"CA$39,002,244.00","CA$366,234.00","CA$2,639,042.00","CA$312,775,800.00","CA$11,936,564.00","CA$2,835,080.00"
Central Michigan University,169248,2023,,,Football Bowl Subdivision,Mid-American Conference,"CA$35,740,893.00",,,"CA$34,639,371.00","CA$251,488.00","CA$2,584,176.00",CA$0.00,"CA$10,996,154.00","CA$2,730,457.00"
Central Michigan University,169248,2024,,,Football Bowl Subdivision,Mid-American Conference,"CA$36,647,136.00",,,"CA$36,371,379.00","CA$403,108.00","CA$2,233,282.00",CA$0.00,"CA$10,251,409.00","CA$2,778,045.00"
Central Michigan University,169248,2025,468,17,Football Bowl Subdivision,Mid-American Conference,"CA$38,536,348.00","CA$8,285,356.00",CA$0.00,"CA$37,911,632.00","CA$325,448.00","CA$2,686,803.00",CA$0.00,"CA$11,608,429.00","CA$2,873,902.00"
Eastern Michigan University,169798,2021,,,Football Bowl Subdivision,Mid-American Conference,"CA$24,524,114.00",,,"CA$24,524,114.00","CA$430,494.00","CA$908,767.00","CA$238,720,863.00","CA$6,752,693.00","CA$2,118,310.00"
Eastern Michigan University,169798,2022,,,Football Bowl Subdivision,Mid-American Conference,"CA$33,040,581.00",,,"CA$33,040,581.00","CA$137,715.00","CA$3,181,680.00","CA$242,194,769.00","CA$10,066,357.00","CA$2,423,711.00"
Eastern Michigan University,169798,2023,,,Football Bowl Subdivision,Mid-American Conference,"CA$35,651,282.00",,,"CA$35,651,284.00","CA$223,539.00","CA$1,231,434.00",CA$0.00,"CA$10,976,782.00","CA$2,486,312.00"
Eastern Michigan University,169798,2024,,,Football Bowl Subdivision,Mid-American Conference,"CA$37,237,950.00",,,"CA$37,237,950.00","CA$215,528.00","CA$2,641,595.00",CA$0.00,"CA$11,290,296.00","CA$2,468,694.00"
Eastern Michigan University,169798,2025,522,19,Football Bowl Subdivision,Mid-American Conference,"CA$38,924,559.00","CA$11,517,645.00",CA$0.00,"CA$38,924,559.00","CA$334,276.00","CA$2,881,550.00",CA$0.00,"CA$11,077,016.00","CA$2,479,533.00"
University of Michigan,170976,2021,,,Football Bowl Subdivision,Big Ten Conference,"CA$150,618,278.00",,,"CA$101,236,069.00","CA$28,533,853.00","CA$13,799,193.00","CA$3,481,422,000.00","CA$37,380,521.00","CA$17,431,948.00"
University of Michigan,170976,2022,,,Football Bowl Subdivision,Big Ten Conference,"CA$195,084,818.00",,,"CA$210,652,287.00","CA$27,440,760.00","CA$44,258,631.00","CA$3,888,539,000.00","CA$52,408,535.00","CA$17,421,486.00"
University of Michigan,170976,2023,,,Football Bowl Subdivision,Big Ten Conference,"CA$228,603,154.00",,,"CA$229,561,279.00","CA$33,027,615.00","CA$43,365,522.00",CA$0.00,"CA$67,845,879.00","CA$21,260,506.00"
University of Michigan,170976,2024,,,Football Bowl Subdivision,Big Ten Conference,"CA$241,856,430.00",,,"CA$238,866,661.00","CA$34,415,551.00","CA$44,691,600.00",CA$0.00,"CA$72,404,170.00","CA$22,929,407.00"
University of Michigan,170976,2025,878,29,Football Bowl Subdivision,Big Ten Conference,"CA$269,554,079.00","CA$42,819,401.00",CA$0.00,"CA$275,844,115.00","CA$35,556,501.00","CA$50,362,101.00",CA$0.00,"CA$61,663,185.00","CA$17,230,066.00"
Michigan State University,171100,2021,,,Football Bowl Subdivision,Big Ten Conference,"CA$104,951,574.00",,,"CA$89,529,295.00","CA$11,485,450.00","CA$22,057,649.00","CA$2,057,924,613.00","CA$28,259,575.00","CA$12,289,682.00"
Michigan State University,171100,2022,,,Football Bowl Subdivision,Big Ten Conference,"CA$156,449,795.00",,,"CA$172,799,513.00","CA$14,135,080.00","CA$54,135,871.00","CA$2,246,573,217.00","CA$51,227,199.00","CA$17,232,135.00"
Michigan State University,171100,2023,,,Football Bowl Subdivision,Big Ten Conference,"CA$181,850,581.00",,,"CA$170,654,025.00","CA$18,016,546.00","CA$46,435,337.00",CA$0.00,"CA$53,502,288.00","CA$18,179,629.00"
Michigan State University,171100,2024,,,Football Bowl Subdivision,Big Ten Conference,"CA$180,456,943.00",,,"CA$163,735,928.00","CA$15,943,649.00","CA$34,914,234.00",CA$0.00,"CA$58,600,073.00","CA$15,774,272.00"
Michigan State University,171100,2025,665,23,Football Bowl Subdivision,Big Ten Conference,"CA$178,288,091.00","CA$26,228,578.00",CA$0.00,"CA$179,891,651.00","CA$14,240,446.00","CA$36,980,159.00",CA$0.00,"CA$49,998,836.00","CA$16,330,866.00"
Western Michigan University,172699,2021,,,Football Bowl Subdivision,Mid-American Conference,"CA$26,924,574.00",,,"CA$26,813,945.00","CA$1,274,420.00","CA$1,138,729.00","CA$365,442,048.00","CA$5,951,641.00","CA$2,318,658.00"
Western Michigan University,172699,2022,,,Football Bowl Subdivision,Mid-American Conference,"CA$34,422,527.00",,,"CA$39,162,014.00","CA$1,481,696.00","CA$3,571,926.00","CA$391,512,112.00","CA$9,257,649.00","CA$2,966,049.00"
Western Michigan University,172699,2023,,,Football Bowl Subdivision,Mid-American Conference,"CA$41,235,356.00",,,"CA$41,215,879.00","CA$1,615,021.00","CA$4,218,963.00",CA$0.00,"CA$9,804,685.00","CA$2,830,696.00"
Western Michigan University,172699,2024,,,Football Bowl Subdivision,Mid-American Conference,"CA$40,487,397.00",,,"CA$39,763,357.00","CA$1,394,200.00","CA$6,425,096.00",CA$0.00,"CA$9,231,882.00","CA$2,572,729.00"
Western Michigan University,172699,2025,389,16,Football Bowl Subdivision,Mid-American Conference,"CA$44,910,138.00","CA$9,933,787.00",CA$0.00,"CA$41,934,267.00","CA$2,439,636.00","CA$5,143,236.00",CA$0.00,"CA$11,795,493.00","CA$2,767,421.00"
"University of Minnesota, Twin Cities",174066,2021,,,Football Bowl Subdivision,Big Ten Conference,"CA$103,821,135.00",,,"CA$85,512,708.00","CA$7,777,725.00","CA$15,492,206.00","CA$2,828,596,852.00","CA$25,887,683.00","CA$10,774,290.00"
"University of Minnesota, Twin Cities",174066,2022,,,Football Bowl Subdivision,Big Ten Conference,"CA$130,285,463.00",,,"CA$135,198,272.00","CA$10,807,446.00","CA$24,382,112.00","CA$3,105,406,261.00","CA$40,749,035.00","CA$13,381,223.00"
"University of Minnesota, Twin Cities",174066,2023,,,Football Bowl Subdivision,Big Ten Conference,"CA$146,982,927.00",,,"CA$148,707,736.00","CA$12,605,721.00","CA$26,534,469.00",CA$0.00,"CA$42,194,127.00","CA$14,646,327.00"
"University of Minnesota, Twin Cities",174066,2024,,,Football Bowl Subdivision,Big Ten Conference,"CA$152,572,560.00",,,"CA$151,101,497.00","CA$11,235,499.00","CA$25,278,786.00",CA$0.00,"CA$47,350,139.00","CA$15,800,132.00"
"University of Minnesota, Twin Cities",174066,2025,607,22,Football Bowl Subdivision,Big Ten Conference,"CA$161,202,217.00","CA$23,541,830.00",CA$0.00,"CA$163,605,146.00","CA$13,006,804.00","CA$22,376,553.00",CA$0.00,"CA$47,576,976.00","CA$14,649,457.00"
University of Mississippi,176017,2021,,,Football Bowl Subdivision,Southeastern Conference,"CA$109,763,195.00",,,"CA$127,394,340.00","CA$5,208,605.00","CA$14,905,218.00","CA$804,565,173.00","CA$38,313,502.00","CA$10,321,262.00"
University of Mississippi,176017,2022,,,Football Bowl Subdivision,Southeastern Conference,"CA$138,796,990.00",,,"CA$133,557,937.00","CA$6,134,932.00","CA$34,409,478.00","CA$848,794,568.00","CA$55,107,688.00","CA$14,886,471.00"
University of Mississippi,176017,2023,,,Football Bowl Subdivision,Southeastern Conference,"CA$150,195,985.00",,,"CA$142,171,362.00","CA$8,118,683.00","CA$35,910,184.00",CA$0.00,"CA$60,203,672.00","CA$16,317,805.00"
University of Mississippi,176017,2024,,,Football Bowl Subdivision,Southeastern Conference,"CA$157,019,279.00",,,"CA$149,304,681.00","CA$7,722,524.00","CA$39,874,026.00",CA$0.00,"CA$57,122,596.00","CA$19,139,151.00"
University of Mississippi,176017,2025,408,18,Football Bowl Subdivision,Southeastern Conference,"CA$183,768,038.00","CA$17,701,731.00",CA$0.00,"CA$178,621,017.00","CA$12,457,220.00","CA$49,849,610.00",CA$0.00,"CA$61,881,227.00","CA$20,356,301.00"
Mississippi State University,176080,2021,,,Football Bowl Subdivision,Southeastern Conference,"CA$96,298,830.00",,,"CA$112,890,415.00","CA$7,136,424.00","CA$14,067,094.00","CA$635,483,449.00","CA$22,941,019.00","CA$10,105,053.00"
Mississippi State University,176080,2022,,,Football Bowl Subdivision,Southeastern Conference,"CA$108,477,381.00",,,"CA$110,653,367.00","CA$7,669,601.00","CA$22,612,228.00","CA$679,660,053.00","CA$29,095,668.00","CA$12,188,752.00"
Mississippi State University,176080,2023,,,Football Bowl Subdivision,Southeastern Conference,"CA$126,239,126.00",,,"CA$115,664,788.00","CA$7,665,826.00","CA$22,859,086.00",CA$0.00,"CA$32,951,736.00","CA$11,718,320.00"
Mississippi State University,176080,2024,,,Football Bowl Subdivision,Southeastern Conference,"CA$139,358,932.00",,,"CA$127,241,981.00","CA$7,761,716.00","CA$33,082,372.00",CA$0.00,"CA$35,559,188.00","CA$10,709,182.00"
Mississippi State University,176080,2025,380,18,Football Bowl Subdivision,Southeastern Conference,"CA$168,826,109.00","CA$17,266,638.00",CA$0.00,"CA$164,684,369.00","CA$14,716,195.00","CA$59,502,873.00",CA$0.00,"CA$37,575,576.00","CA$11,183,873.00"
University of Southern Mississippi,176372,2021,,,Football Bowl Subdivision,Conference USA,"CA$27,223,468.00",,,"CA$27,332,585.00","CA$515,402.00","CA$3,363,159.00","CA$250,785,391.00","CA$8,698,148.00","CA$3,207,974.00"
University of Southern Mississippi,176372,2022,,,Football Bowl Subdivision,Conference USA,"CA$28,346,698.00",,,"CA$28,361,867.00","CA$601,301.00","CA$5,804,423.00","CA$262,787,292.00","CA$8,697,292.00","CA$2,816,273.00"
University of Southern Mississippi,176372,2023,,,Football Bowl Subdivision,Conference USA,"CA$30,344,924.00",,,"CA$30,379,350.00","CA$634,758.00","CA$5,999,769.00",CA$0.00,"CA$9,978,519.00","CA$3,385,176.00"
University of Southern Mississippi,176372,2024,,,Football Bowl Subdivision,Sun Belt Conference,"CA$32,062,299.00",,,"CA$32,180,807.00","CA$610,513.00","CA$5,993,771.00",CA$0.00,"CA$10,109,270.00","CA$3,768,468.00"
University of Southern Mississippi,176372,2025,444,17,Football Bowl Subdivision,Sun Belt Conference,"CA$35,789,084.00","CA$6,736,824.00",CA$0.00,"CA$35,852,513.00","CA$684,102.00","CA$5,718,878.00",CA$0.00,"CA$11,623,161.00","CA$3,325,191.00"
"University of Missouri, Columbia",178396,2021,,,Football Bowl Subdivision,Southeastern Conference,"CA$113,915,145.00",,,"CA$110,458,144.00","CA$793,870.00","CA$24,589,042.00","CA$928,334,451.00","CA$24,080,442.00","CA$10,042,071.00"
"University of Missouri, Columbia",178396,2022,,,Football Bowl Subdivision,Southeastern Conference,"CA$125,621,128.00",,,"CA$141,157,028.00","CA$7,986,678.00","CA$29,555,704.00","CA$1,032,334,592.00","CA$32,808,146.00","CA$10,513,997.00"
"University of Missouri, Columbia",178396,2023,,,Football Bowl Subdivision,Southeastern Conference,"CA$141,558,286.00",,,"CA$141,558,287.00","CA$8,437,186.00","CA$28,233,066.00",CA$0.00,"CA$36,326,859.00","CA$12,876,542.00"
"University of Missouri, Columbia",178396,2024,,,Football Bowl Subdivision,Southeastern Conference,"CA$183,167,871.00",,,"CA$168,000,978.00","CA$11,444,625.00","CA$37,109,494.00",CA$0.00,"CA$52,836,720.00","CA$16,107,019.00"
"University of Missouri, Columbia",178396,2025,547,20,Football Bowl Subdivision,Southeastern Conference,"CA$191,001,201.00","CA$20,549,087.00",CA$0.00,"CA$181,867,534.00","CA$10,413,788.00","CA$46,492,009.00",CA$0.00,"CA$49,316,139.00","CA$17,636,044.00"
University of Nebraska-Lincoln,181464,2021,,,Football Bowl Subdivision,Big Ten Conference,"CA$104,087,284.00",,,"CA$92,093,093.00","CA$18,813,577.00","CA$22,902,104.00","CA$758,760,220.00","CA$24,597,327.00","CA$9,733,715.00"
University of Nebraska-Lincoln,181464,2022,,,Football Bowl Subdivision,Big Ten Conference,"CA$141,181,951.00",,,"CA$143,423,944.00","CA$29,251,052.00","CA$1,292,933.00","CA$800,599,546.00","CA$35,006,033.00","CA$10,370,748.00"
University of Nebraska-Lincoln,181464,2023,,,Football Bowl Subdivision,Big Ten Conference,"CA$200,870,384.00",,,"CA$204,831,356.00","CA$31,343,073.00","CA$61,155,358.00",CA$0.00,"CA$72,796,239.00","CA$12,274,915.00"
University of Nebraska-Lincoln,181464,2024,,,Football Bowl Subdivision,Big Ten Conference,"CA$213,456,031.00",,,"CA$220,165,405.00","CA$16,986,727.00","CA$76,440,846.00",CA$0.00,"CA$84,059,267.00","CA$12,942,893.00"
University of Nebraska-Lincoln,181464,2025,572,24,Football Bowl Subdivision,Big Ten Conference,"CA$212,743,888.00","CA$27,481,344.00",CA$0.00,"CA$215,089,007.00","CA$17,941,341.00","CA$48,407,981.00",CA$0.00,"CA$72,691,842.00","CA$18,986,426.00"
"University of Nevada, Las Vegas",182281,2021,,,Football Bowl Subdivision,Mountain West Conference,"CA$52,087,692.00",,,"CA$52,637,180.00","CA$4,470,437.00","CA$8,098,159.00","CA$717,390,000.00","CA$12,255,673.00","CA$4,144,245.00"
"University of Nevada, Las Vegas",182281,2022,,,Football Bowl Subdivision,Mountain West Conference,"CA$62,644,050.00",,,"CA$64,243,413.00","CA$5,843,034.00","CA$9,836,550.00","CA$792,865,000.00","CA$13,775,798.00","CA$3,794,112.00"
"University of Nevada, Las Vegas",182281,2023,,,Football Bowl Subdivision,Mountain West Conference,"CA$66,547,435.00",,,"CA$56,560,028.00","CA$5,599,343.00","CA$5,598,963.00",CA$0.00,"CA$18,678,052.00","CA$1,989,890.00"
"University of Nevada, Las Vegas",182281,2024,,,Football Bowl Subdivision,Mountain West Conference,"CA$81,404,387.00",,,"CA$60,512,968.00","CA$7,033,191.00","CA$8,586,683.00",CA$0.00,"CA$21,203,761.00","CA$5,503,754.00"
"University of Nevada, Las Vegas",182281,2025,451,17,Football Bowl Subdivision,Mountain West Conference,"CA$74,767,676.00","CA$13,185,103.00",CA$0.00,"CA$77,274,710.00","CA$3,469,382.00","CA$4,591,874.00",CA$0.00,"CA$21,767,260.00","CA$6,471,123.00"
"University of Nevada, Reno",182290,2021,,,Football Bowl Subdivision,Mountain West Conference,"CA$34,799,540.00",,,"CA$35,241,573.00","CA$801,321.00","CA$3,656,451.00","CA$626,034,649.00","CA$9,262,434.00","CA$2,947,608.00"
"University of Nevada, Reno",182290,2022,,,Football Bowl Subdivision,Mountain West Conference,"CA$45,228,707.00",,,"CA$47,946,637.00","CA$2,411,325.00","CA$4,846,753.00","CA$709,250,938.00","CA$12,544,274.00","CA$2,998,641.00"
"University of Nevada, Reno",182290,2023,,,Football Bowl Subdivision,Mountain West Conference,"CA$49,509,846.00",,,"CA$49,533,190.00","CA$2,749,875.00","CA$5,398,006.00",CA$0.00,"CA$13,222,438.00","CA$3,271,022.00"
"University of Nevada, Reno",182290,2024,,,Football Bowl Subdivision,Mountain West Conference,"CA$53,916,557.00",,,"CA$53,329,304.00","CA$2,864,809.00","CA$5,855,946.00",CA$0.00,"CA$13,562,661.00","CA$3,933,441.00"
"University of Nevada, Reno",182290,2025,450,18,Football Bowl Subdivision,Mountain West Conference,"CA$57,753,809.00","CA$12,283,778.00",CA$0.00,"CA$58,681,959.00","CA$3,496,980.00","CA$6,249,979.00",CA$0.00,"CA$14,787,520.00","CA$3,714,998.00"
"Rutgers, The State University of New Jersey-New Brunswick",186380,2021,,,Football Bowl Subdivision,Big Ten Conference,"CA$118,394,474.00",,,"CA$87,992,302.00","CA$3,259,310.00","CA$7,884,587.00","CA$2,398,197,000.00","CA$33,122,635.00","CA$12,187,225.00"
"Rutgers, The State University of New Jersey-New Brunswick",186380,2022,,,Football Bowl Subdivision,Big Ten Conference,"CA$138,439,077.00",,,"CA$109,601,529.00","CA$7,524,131.00","CA$9,005,919.00","CA$2,584,735,000.00","CA$43,644,477.00","CA$13,573,733.00"
"Rutgers, The State University of New Jersey-New Brunswick",186380,2023,,,Football Bowl Subdivision,Big Ten Conference,"CA$153,523,767.00",,,"CA$125,478,340.00","CA$7,203,165.00","CA$8,010,257.00",CA$0.00,"CA$49,499,164.00","CA$13,618,771.00"
"Rutgers, The State University of New Jersey-New Brunswick",186380,2024,,,Football Bowl Subdivision,Big Ten Conference,"CA$178,263,181.00",,,"CA$136,755,755.00","CA$8,628,534.00","CA$9,139,129.00",CA$0.00,"CA$64,414,464.00","CA$17,752,260.00"
"Rutgers, The State University of New Jersey-New Brunswick",186380,2025,780,24,Football Bowl Subdivision,Big Ten Conference,"CA$193,831,838.00","CA$34,292,268.00",CA$0.00,"CA$146,638,066.00","CA$2,679,994.00","CA$8,122,577.00",CA$0.00,"CA$76,085,134.00","CA$21,524,446.00"
University of New Mexico,187985,2021,,,Football Bowl Subdivision,Mountain West Conference,"CA$35,284,244.00",,,"CA$36,995,937.00","CA$1,428,461.00","CA$2,861,971.00","CA$1,096,420,581.00","CA$9,317,134.00","CA$2,812,449.00"
University of New Mexico,187985,2022,,,Football Bowl Subdivision,Mountain West Conference,"CA$44,865,758.00",,,"CA$44,881,065.00","CA$1,882,975.00","CA$6,298,218.00","CA$1,207,858,991.00","CA$10,192,230.00","CA$3,000,267.00"
University of New Mexico,187985,2023,,,Football Bowl Subdivision,Mountain West Conference,"CA$47,048,657.00",,,"CA$47,763,222.00","CA$2,744,514.00","CA$5,691,007.00",CA$0.00,"CA$11,495,336.00","CA$3,276,817.00"
University of New Mexico,187985,2024,,,Football Bowl Subdivision,Mountain West Conference,"CA$54,034,418.00",,,"CA$54,644,322.00","CA$2,826,299.00","CA$5,600,265.00",CA$0.00,"CA$14,606,001.00","CA$3,958,749.00"
University of New Mexico,187985,2025,482,18,Football Bowl Subdivision,Mountain West Conference,"CA$56,978,562.00","CA$12,523,452.00",CA$0.00,"CA$61,595,289.00","CA$2,942,400.00","CA$6,257,113.00",CA$0.00,"CA$15,386,871.00","CA$3,897,675.00"
New Mexico State University,188030,2021,,,Football Bowl Subdivision,Independent,"CA$25,482,825.00",,,"CA$25,489,278.00","CA$591,677.00","CA$1,863,966.00","CA$357,636,392.00","CA$6,579,481.00","CA$1,834,385.00"
New Mexico State University,188030,2022,,,Football Bowl Subdivision,Independent,"CA$32,457,148.00",,,"CA$30,350,192.00","CA$971,836.00","CA$2,672,691.00","CA$401,924,100.00","CA$10,777,169.00","CA$2,528,413.00"
New Mexico State University,188030,2023,,,Football Bowl Subdivision,Independent,"CA$37,150,568.00",,,"CA$31,776,454.00","CA$1,102,862.00","CA$2,993,850.00",CA$0.00,"CA$14,283,823.00","CA$3,006,239.00"
New Mexico State University,188030,2024,,,Football Bowl Subdivision,Conference USA,"CA$40,211,314.00",,,"CA$43,150,684.00","CA$868,070.00","CA$2,546,168.00",CA$0.00,"CA$13,318,607.00","CA$3,546,182.00"
New Mexico State University,188030,2025,441,16,Football Bowl Subdivision,Conference USA,"CA$39,700,707.00","CA$9,788,382.00",CA$0.00,"CA$39,627,724.00","CA$1,464,135.00","CA$2,594,203.00",CA$0.00,"CA$12,172,663.00","CA$2,918,152.00"
"University at Buffalo, The State University of New York",196088,2021,,,Football Bowl Subdivision,Mid-American Conference,"CA$36,214,285.00",,,"CA$36,268,695.00","CA$523,387.00","CA$348,024.00","CA$1,017,478,149.00","CA$10,095,438.00","CA$3,706,132.00"
"University at Buffalo, The State University of New York",196088,2022,,,Football Bowl Subdivision,Mid-American Conference,"CA$39,537,565.00",,,"CA$40,192,255.00","CA$938,442.00","CA$1,110,824.00","CA$1,095,871,433.00","CA$10,806,655.00","CA$2,708,646.00"
"University at Buffalo, The State University of New York",196088,2023,,,Football Bowl Subdivision,Mid-American Conference,"CA$40,433,875.00",,,"CA$39,856,875.00","CA$787,444.00","CA$1,051,959.00",CA$0.00,"CA$12,213,905.00","CA$3,114,797.00"
"University at Buffalo, The State University of New York",196088,2024,,,Football Bowl Subdivision,Mid-American Conference,"CA$42,103,311.00",,,"CA$42,261,274.00","CA$1,108,824.00","CA$1,634,829.00",CA$0.00,"CA$11,984,859.00","CA$2,856,265.00"
"University at Buffalo, The State University of New York",196088,2025,396,16,Football Bowl Subdivision,Mid-American Conference,"CA$50,715,699.00","CA$10,689,740.00",CA$0.00,"CA$48,226,492.00","CA$1,667,715.00","CA$1,108,414.00",CA$0.00,"CA$15,031,152.00","CA$4,069,852.00"
Appalachian State University,197869,2021,,,Football Bowl Subdivision,Sun Belt Conference,"CA$33,425,114.00",,,"CA$33,202,111.00","CA$1,644,137.00","CA$8,275,129.00","CA$325,971,637.00","CA$9,785,359.00","CA$2,931,081.00"
Appalachian State University,197869,2022,,,Football Bowl Subdivision,Sun Belt Conference,"CA$38,565,701.00",,,"CA$38,542,661.00","CA$1,962,011.00","CA$6,307,299.00","CA$320,610,087.00","CA$11,995,591.00","CA$3,098,559.00"
Appalachian State University,197869,2023,,,Football Bowl Subdivision,Sun Belt Conference,"CA$46,379,642.00",,,"CA$46,465,570.00","CA$2,257,458.00","CA$10,516,370.00",CA$0.00,"CA$13,616,432.00","CA$3,697,089.00"
Appalachian State University,197869,2024,,,Football Bowl Subdivision,Sun Belt Conference,"CA$51,973,251.00",,,"CA$51,997,549.00","CA$2,452,683.00","CA$11,117,532.00",CA$0.00,"CA$16,206,106.00","CA$4,010,587.00"
Appalachian State University,197869,2025,438,17,Football Bowl Subdivision,Sun Belt Conference,"CA$57,271,283.00","CA$9,270,612.00",CA$0.00,"CA$57,259,361.00","CA$3,829,340.00","CA$9,421,144.00",CA$0.00,"CA$15,673,553.00","CA$3,500,474.00"
East Carolina University,198464,2021,,,Football Bowl Subdivision,American Athletic Conference,"CA$43,329,991.00",,,"CA$43,693,291.00","CA$1,525,136.00","CA$10,084,977.00","CA$561,966,574.00","CA$10,244,488.00","CA$3,842,240.00"
East Carolina University,198464,2022,,,Football Bowl Subdivision,American Athletic Conference,"CA$54,133,021.00",,,"CA$54,964,121.00","CA$2,002,040.00","CA$11,764,013.00","CA$605,558,874.00","CA$15,564,784.00","CA$5,015,393.00"
East Carolina University,198464,2023,,,Football Bowl Subdivision,American Athletic Conference,"CA$63,529,648.00",,,"CA$63,254,255.00","CA$3,790,473.00","CA$13,496,233.00",CA$0.00,"CA$17,991,796.00","CA$6,329,445.00"
East Carolina University,198464,2024,,,Football Bowl Subdivision,American Athletic Conference,"CA$66,326,098.00",,,"CA$67,962,237.00","CA$3,317,125.00","CA$15,908,281.00",CA$0.00,"CA$17,140,658.00","CA$6,543,930.00"
East Carolina University,198464,2025,525,18,Football Bowl Subdivision,American Athletic Conference,"CA$67,802,688.00","CA$12,472,409.00",CA$0.00,"CA$70,759,490.00","CA$3,437,475.00","CA$14,996,598.00",CA$0.00,"CA$18,670,732.00","CA$5,664,106.00"
"University of North Carolina, Chapel Hill",199120,2021,,,Football Bowl Subdivision,Atlantic Coast Conference,"CA$101,916,048.00",,,"CA$101,865,616.00","CA$9,745,041.00","CA$38,637,341.00","CA$2,170,984,339.00","CA$30,231,779.00","CA$11,150,838.00"
"University of North Carolina, Chapel Hill",199120,2022,,,Football Bowl Subdivision,Atlantic Coast Conference,"CA$120,314,967.00",,,"CA$122,603,567.00","CA$12,798,792.00","CA$20,615,893.00","CA$2,312,880,684.00","CA$34,451,491.00","CA$12,555,094.00"
"University of North Carolina, Chapel Hill",199120,2023,,,Football Bowl Subdivision,Atlantic Coast Conference,"CA$139,079,504.00",,,"CA$139,353,091.00","CA$16,444,723.00","CA$21,633,029.00",CA$0.00,"CA$44,509,367.00","CA$14,510,716.00"
"University of North Carolina, Chapel Hill",199120,2024,,,Football Bowl Subdivision,Atlantic Coast Conference,"CA$155,935,513.00",,,"CA$164,476,330.00","CA$14,028,230.00","CA$28,468,524.00",CA$0.00,"CA$40,066,790.00","CA$14,222,856.00"
"University of North Carolina, Chapel Hill",199120,2025,805,28,Football Bowl Subdivision,Atlantic Coast Conference,"CA$187,967,260.00","CA$21,489,966.00",CA$0.00,"CA$172,951,034.00","CA$23,973,222.00","CA$40,215,448.00",CA$0.00,"CA$49,145,748.00","CA$16,583,864.00"
University of North Carolina at Charlotte,199139,2021,,,Football Bowl Subdivision,Conference USA,"CA$37,727,070.00",,,"CA$37,406,789.00","CA$578,942.00","CA$4,687,912.00","CA$501,333,215.00","CA$11,317,565.00","CA$2,497,709.00"
University of North Carolina at Charlotte,199139,2022,,,Football Bowl Subdivision,Conference USA,"CA$39,381,134.00",,,"CA$41,261,880.00","CA$1,041,967.00","CA$7,930,445.00","CA$527,221,349.00","CA$12,091,036.00","CA$2,429,284.00"
University of North Carolina at Charlotte,199139,2023,,,Football Bowl Subdivision,Conference USA,"CA$50,725,276.00",,,"CA$46,375,725.00","CA$1,221,621.00","CA$5,465,181.00",CA$0.00,"CA$14,852,413.00","CA$3,014,559.00"
University of North Carolina at Charlotte,199139,2024,,,Football Bowl Subdivision,Conference USA,"CA$54,059,797.00",,,"CA$53,490,849.00","CA$1,310,857.00","CA$7,091,620.00",CA$0.00,"CA$16,868,791.00","CA$3,741,838.00"
University of North Carolina at Charlotte,199139,2025,532,18,Football Bowl Subdivision,American Athletic Conference,"CA$58,583,488.00","CA$9,457,209.00",CA$0.00,"CA$62,709,814.00","CA$1,191,718.00","CA$7,941,102.00",CA$0.00,"CA$17,371,211.00","CA$3,314,114.00"
North Carolina State University,199193,2021,,,Football Bowl Subdivision,Atlantic Coast Conference,"CA$78,215,264.00",,,"CA$78,224,410.00","CA$5,380,945.00","CA$25,047,366.00","CA$1,309,417,155.00","CA$21,716,372.00","CA$7,784,986.00"
North Carolina State University,199193,2022,,,Football Bowl Subdivision,Atlantic Coast Conference,"CA$100,991,410.00",,,"CA$102,387,569.00","CA$5,224,109.00","CA$14,899,856.00","CA$1,404,880,049.00","CA$31,884,539.00","CA$10,477,603.00"
North Carolina State University,199193,2023,,,Football Bowl Subdivision,Atlantic Coast Conference,"CA$118,653,089.00",,,"CA$121,444,506.00","CA$2,326,099.00","CA$29,709,789.00",CA$0.00,"CA$33,603,791.00","CA$12,586,042.00"
North Carolina State University,199193,2024,,,Football Bowl Subdivision,Atlantic Coast Conference,"CA$124,901,094.00",,,"CA$133,227,278.00","CA$2,581,847.00","CA$17,355,740.00",CA$0.00,"CA$34,999,026.00","CA$13,000,753.00"
North Carolina State University,199193,2025,562,24,Football Bowl Subdivision,Atlantic Coast Conference,"CA$134,541,641.00","CA$15,791,794.00",CA$0.00,"CA$141,549,444.00","CA$2,401,181.00","CA$36,881,482.00",CA$0.00,"CA$38,032,491.00","CA$13,482,460.00"
University of Akron,200800,2021,,,Football Bowl Subdivision,Mid-American Conference,"CA$25,667,906.00",,,"CA$26,562,185.00","CA$617,046.00","CA$1,681,255.00","CA$273,530,021.00","CA$5,385,395.00","CA$1,846,838.00"
University of Akron,200800,2022,,,Football Bowl Subdivision,Mid-American Conference,"CA$30,290,134.00",,,"CA$30,498,496.00","CA$792,584.00","CA$1,713,256.00","CA$283,715,079.00","CA$6,437,759.00","CA$2,037,107.00"
University of Akron,200800,2023,,,Football Bowl Subdivision,Mid-American Conference,"CA$30,290,134.00",,,"CA$30,498,496.00","CA$792,584.00","CA$1,713,256.00",CA$0.00,"CA$6,437,759.00","CA$2,037,107.00"
University of Akron,200800,2024,,,Football Bowl Subdivision,Mid-American Conference,"CA$34,998,430.00",,,"CA$36,557,687.00","CA$888,092.00","CA$3,509,950.00",CA$0.00,"CA$7,854,183.00","CA$2,262,981.00"
University of Akron,200800,2025,493,18,Football Bowl Subdivision,Mid-American Conference,"CA$33,750,042.00","CA$7,485,229.00",CA$0.00,"CA$32,742,898.00","CA$1,025,835.00","CA$1,210,520.00",CA$0.00,"CA$8,206,772.00","CA$2,272,386.00"
Bowling Green State University,201441,2021,,,Football Bowl Subdivision,Mid-American Conference,"CA$20,119,961.00",,,"CA$20,238,705.00","CA$603,656.00","CA$2,240,950.00","CA$269,741,918.00","CA$5,251,594.00","CA$1,771,631.00"
Bowling Green State University,201441,2022,,,Football Bowl Subdivision,Mid-American Conference,"CA$25,353,769.00",,,"CA$25,573,967.00","CA$677,727.00","CA$2,880,313.00","CA$320,808,925.00","CA$6,969,203.00","CA$1,932,612.00"
Bowling Green State University,201441,2023,,,Football Bowl Subdivision,Mid-American Conference,"CA$30,154,915.00",,,"CA$30,310,123.00","CA$832,140.00","CA$3,026,493.00",CA$0.00,"CA$9,832,039.00","CA$2,190,254.00"
Bowling Green State University,201441,2024,,,Football Bowl Subdivision,Mid-American Conference,"CA$31,864,795.00",,,"CA$32,404,228.00","CA$826,152.00","CA$2,756,510.00",CA$0.00,"CA$9,980,025.00","CA$2,293,314.00"
Bowling Green State University,201441,2025,492,18,Football Bowl Subdivision,Mid-American Conference,"CA$35,669,709.00","CA$9,641,618.00",CA$0.00,"CA$35,288,178.00","CA$942,017.00","CA$2,575,769.00",CA$0.00,"CA$11,872,056.00","CA$2,598,564.00"
University of Cincinnati,201885,2021,,,Football Bowl Subdivision,American Athletic Conference,"CA$62,550,722.00",,,"CA$62,138,296.00","CA$9,612,750.00","CA$10,119,219.00","CA$1,112,842,810.00","CA$16,006,560.00","CA$7,528,239.00"
University of Cincinnati,201885,2022,,,Football Bowl Subdivision,American Athletic Conference,"CA$75,902,262.00",,,"CA$83,344,028.00","CA$10,589,569.00","CA$14,613,858.00","CA$1,236,645,344.00","CA$23,524,235.00","CA$8,815,023.00"
University of Cincinnati,201885,2023,,,Football Bowl Subdivision,American Athletic Conference,"CA$91,905,599.00",,,"CA$86,962,492.00","CA$6,195,530.00","CA$11,935,086.00",CA$0.00,"CA$24,835,992.00","CA$9,375,778.00"
University of Cincinnati,201885,2024,,,Football Bowl Subdivision,Big 12 Conference,"CA$105,272,719.00",,,"CA$96,693,461.00","CA$4,477,065.00","CA$13,147,979.00",CA$0.00,"CA$30,002,469.00","CA$9,125,296.00"
University of Cincinnati,201885,2025,450,18,Football Bowl Subdivision,Big 12 Conference,"CA$119,327,107.00","CA$15,512,234.00",CA$0.00,"CA$118,516,168.00","CA$6,831,880.00","CA$17,663,080.00",CA$0.00,"CA$30,199,813.00","CA$9,103,256.00"
Kent State University,203517,2021,,,Football Bowl Subdivision,Mid-American Conference,"CA$21,870,072.00",,,"CA$19,651,622.00","CA$964,093.00","CA$457,117.00","CA$455,894,449.00","CA$3,099,501.00","CA$1,849,182.00"
Kent State University,203517,2022,,,Football Bowl Subdivision,Mid-American Conference,"CA$29,613,870.00",,,"CA$28,605,618.00","CA$1,294,113.00","CA$661,531.00","CA$489,083,958.00","CA$7,652,575.00","CA$1,910,507.00"
Kent State University,203517,2023,,,Football Bowl Subdivision,Mid-American Conference,"CA$33,740,307.00",,,"CA$30,439,500.00","CA$1,036,628.00","CA$1,025,232.00",CA$0.00,"CA$9,196,141.00","CA$2,841,495.00"
Kent State University,203517,2024,,,Football Bowl Subdivision,Mid-American Conference,"CA$34,905,286.00",,,"CA$32,368,594.00","CA$1,973,657.00","CA$864,176.00",CA$0.00,"CA$9,562,096.00","CA$2,286,741.00"
Kent State University,203517,2025,662,19,Football Bowl Subdivision,Mid-American Conference,"CA$34,410,161.00","CA$10,206,938.00",CA$0.00,"CA$32,190,567.00","CA$1,008,154.00","CA$400,049.00",CA$0.00,"CA$9,724,373.00","CA$2,209,809.00"
Miami University,204024,2021,,,Football Bowl Subdivision,Mid-American Conference,"CA$30,036,336.00",,,"CA$31,355,429.00","CA$66,074.00","CA$2,647,467.00","CA$445,413,962.00","CA$7,293,116.00","CA$2,546,147.00"
Miami University,204024,2022,,,Football Bowl Subdivision,Mid-American Conference,"CA$37,880,709.00",,,"CA$38,076,046.00","CA$1,070,676.00","CA$2,918,375.00","CA$477,304,991.00","CA$10,362,801.00","CA$2,960,043.00"
Miami University,204024,2023,,,Football Bowl Subdivision,Mid-American Conference,"CA$39,100,493.00",,,"CA$39,117,628.00","CA$1,330,710.00","CA$1,977,357.00",CA$0.00,"CA$9,527,038.00","CA$2,838,271.00"
Miami University,204024,2024,,,Football Bowl Subdivision,Mid-American Conference,"CA$40,651,234.00",,,"CA$40,340,840.00","CA$1,022,619.00","CA$1,545,537.00",CA$0.00,"CA$10,675,737.00","CA$3,518,643.00"
Miami University,204024,2025,618,18,Football Bowl Subdivision,Mid-American Conference,"CA$40,881,614.00","CA$13,678,422.00",CA$0.00,"CA$41,169,189.00","CA$1,020,942.00","CA$3,007,083.00",CA$0.00,"CA$11,017,434.00","CA$3,611,327.00"
The Ohio State University,204796,2021,,,Football Bowl Subdivision,Big Ten Conference,"CA$171,618,051.00",,,"CA$106,896,918.00","CA$18,862,849.00","CA$20,694,115.00","CA$2,789,544,210.00","CA$45,176,147.00","CA$20,937,472.00"
The Ohio State University,204796,2022,,,Football Bowl Subdivision,Big Ten Conference,"CA$227,906,141.00",,,"CA$251,615,345.00","CA$30,088,073.00","CA$63,582,228.00","CA$3,005,972,356.00","CA$69,127,911.00","CA$22,391,383.00"
The Ohio State University,204796,2023,,,Football Bowl Subdivision,Big Ten Conference,"CA$276,839,796.00",,,"CA$279,549,337.00","CA$42,832,059.00","CA$58,763,922.00",CA$0.00,"CA$72,382,343.00","CA$24,302,178.00"
The Ohio State University,204796,2024,,,Football Bowl Subdivision,Big Ten Conference,"CA$295,174,868.00",,,"CA$254,933,664.00","CA$34,141,289.00","CA$53,320,570.00",CA$0.00,"CA$78,586,384.00","CA$30,576,162.00"
The Ohio State University,204796,2025,1125,34,Football Bowl Subdivision,Big Ten Conference,"CA$320,661,665.00","CA$36,804,912.00",CA$0.00,"CA$336,077,887.00","CA$42,770,263.00","CA$68,955,032.00",CA$0.00,"CA$92,359,308.00","CA$33,096,548.00"
Ohio University,204857,2021,,,Football Bowl Subdivision,Mid-American Conference,"CA$26,434,522.00",,,"CA$26,320,785.00","CA$693,702.00","CA$1,974,041.00","CA$581,671,886.00","CA$6,976,935.00","CA$1,924,823.00"
Ohio University,204857,2022,,,Football Bowl Subdivision,Mid-American Conference,"CA$31,309,063.00",,,"CA$29,335,290.00","CA$1,695,288.00","CA$1,865,575.00","CA$594,410,608.00","CA$10,152,483.00","CA$1,952,102.00"
Ohio University,204857,2023,,,Football Bowl Subdivision,Mid-American Conference,"CA$33,220,845.00",,,"CA$29,970,069.00","CA$1,287,087.00","CA$2,023,602.00",CA$0.00,"CA$11,203,764.00","CA$2,227,205.00"
Ohio University,204857,2024,,,Football Bowl Subdivision,Mid-American Conference,"CA$35,909,652.00",,,"CA$37,419,995.00","CA$1,642,765.00","CA$1,007,243.00",CA$0.00,"CA$12,389,798.00","CA$2,519,152.00"
Ohio University,204857,2025,477,16,Football Bowl Subdivision,Mid-American Conference,"CA$36,036,982.00","CA$10,266,933.00",CA$0.00,"CA$36,543,823.00","CA$1,773,372.00","CA$866,086.00",CA$0.00,"CA$11,777,856.00","CA$1,813,406.00"
University of Toledo,206084,2021,,,Football Bowl Subdivision,Mid-American Conference,"CA$29,361,565.00",,,"CA$29,361,565.00","CA$202,527.00","CA$1,204,134.00","CA$455,426,593.00","CA$8,181,216.00","CA$3,252,423.00"
University of Toledo,206084,2022,,,Football Bowl Subdivision,Mid-American Conference,"CA$35,602,789.00",,,"CA$35,602,789.00","CA$513,951.00","CA$3,714,483.00","CA$480,175,500.00","CA$10,959,679.00","CA$3,795,502.00"
University of Toledo,206084,2023,,,Football Bowl Subdivision,Mid-American Conference,"CA$36,455,977.00",,,"CA$36,455,977.00","CA$562,614.00","CA$3,655,911.00",CA$0.00,"CA$11,776,278.00","CA$3,876,803.00"
University of Toledo,206084,2024,,,Football Bowl Subdivision,Mid-American Conference,"CA$38,725,933.00",,,"CA$38,725,933.00","CA$552,246.00","CA$3,736,402.00",CA$0.00,"CA$12,139,587.00","CA$4,195,476.00"
University of Toledo,206084,2025,510,16,Football Bowl Subdivision,Mid-American Conference,"CA$39,498,139.00","CA$11,290,345.00",CA$0.00,"CA$26,013,481.00","CA$473,723.00","CA$3,639,295.00",CA$0.00,"CA$13,024,382.00","CA$4,224,340.00"
Oklahoma State University,207388,2021,,,Football Bowl Subdivision,Big 12 Conference,"CA$78,691,353.00",,,"CA$64,498,660.00","CA$4,533,997.00","CA$21,292,146.00","CA$644,083,925.00","CA$18,693,885.00","CA$9,202,113.00"
Oklahoma State University,207388,2022,,,Football Bowl Subdivision,Big 12 Conference,"CA$103,317,156.00",,,"CA$104,404,398.00","CA$5,300,494.00","CA$19,600,676.00","CA$646,201,221.00","CA$29,271,573.00","CA$12,981,319.00"
Oklahoma State University,207388,2023,,,Football Bowl Subdivision,Big 12 Conference,"CA$121,003,194.00",,,"CA$122,009,946.00","CA$7,242,029.00","CA$46,444,917.00",CA$0.00,"CA$31,583,888.00","CA$14,245,198.00"
Oklahoma State University,207388,2024,,,Football Bowl Subdivision,Big 12 Conference,"CA$133,595,316.00",,,"CA$134,808,282.00","CA$7,333,865.00","CA$63,104,040.00",CA$0.00,"CA$33,952,496.00","CA$14,519,930.00"
Oklahoma State University,207388,2025,478,18,Football Bowl Subdivision,Big 12 Conference,"CA$156,061,076.00","CA$14,340,330.00","CA$16,001,855.00","CA$150,779,379.00","CA$7,169,416.00","CA$78,077,576.00",CA$0.00,"CA$32,830,617.00","CA$13,410,939.00"
University of Oklahoma,207500,2021,,,Football Bowl Subdivision,Big 12 Conference,"CA$145,100,455.00",,,"CA$143,668,948.00","CA$19,783,007.00","CA$61,291,407.00","CA$775,612,000.00","CA$38,210,376.00","CA$16,159,472.00"
University of Oklahoma,207500,2022,,,Football Bowl Subdivision,Big 12 Conference,"CA$182,403,214.00",,,"CA$177,320,217.00","CA$20,266,752.00","CA$43,180,134.00","CA$855,517,000.00","CA$49,555,763.00","CA$17,793,635.00"
University of Oklahoma,207500,2023,,,Football Bowl Subdivision,Big 12 Conference,"CA$205,514,920.00",,,"CA$199,295,570.00","CA$23,411,285.00","CA$66,076,355.00",CA$0.00,"CA$57,968,084.00","CA$17,397,319.00"
University of Oklahoma,207500,2024,,,Football Bowl Subdivision,Big 12 Conference,"CA$212,479,127.00",,,"CA$208,829,776.00","CA$25,194,391.00","CA$78,553,962.00",CA$0.00,"CA$60,534,764.00","CA$17,642,370.00"
University of Oklahoma,207500,2025,564,21,Football Bowl Subdivision,Southeastern Conference,"CA$254,538,960.00","CA$26,375,277.00",CA$0.00,"CA$205,670,266.00","CA$19,200,045.00","CA$98,240,268.00",CA$0.00,"CA$63,821,802.00","CA$19,000,671.00"
Oregon State University,209542,2021,,,Football Bowl Subdivision,Pacific-12 Conference,"CA$68,585,989.00",,,"CA$47,341,469.00","CA$5,629,884.00","CA$5,945,931.00","CA$996,406,433.00","CA$15,023,170.00","CA$5,809,832.00"
Oregon State University,209542,2022,,,Football Bowl Subdivision,Pacific-12 Conference,"CA$87,729,627.00",,,"CA$83,480,015.00","CA$8,222,413.00","CA$9,800,013.00","CA$1,073,910,669.00","CA$22,272,842.00","CA$8,034,647.00"
Oregon State University,209542,2023,,,Football Bowl Subdivision,Pacific-12 Conference,"CA$98,423,805.00",,,"CA$91,588,297.00","CA$10,041,519.00","CA$15,029,516.00",CA$0.00,"CA$26,351,151.00","CA$9,356,681.00"
Oregon State University,209542,2024,,,Football Bowl Subdivision,Pacific-12 Conference,"CA$112,883,911.00",,,"CA$120,312,417.00","CA$10,507,924.00","CA$17,129,470.00",CA$0.00,"CA$25,978,768.00","CA$8,907,601.00"
Oregon State University,209542,2025,481,16,Football Bowl Subdivision,Pacific-12 Conference,"CA$100,306,455.00","CA$15,019,968.00",CA$0.00,"CA$104,767,707.00","CA$10,472,846.00","CA$15,842,263.00",CA$0.00,"CA$23,847,864.00","CA$7,192,774.00"
University of Oregon,209551,2021,,,Football Bowl Subdivision,Pacific-12 Conference,"CA$101,243,145.00",,,"CA$117,521,817.00","CA$13,570,058.00","CA$79,136,880.00","CA$790,086,644.00","CA$24,569,707.00","CA$11,410,351.00"
University of Oregon,209551,2022,,,Football Bowl Subdivision,Pacific-12 Conference,"CA$140,565,297.00",,,"CA$153,510,555.00","CA$22,136,653.00","CA$40,282,784.00","CA$792,260,249.00","CA$40,726,930.00","CA$15,128,555.00"
University of Oregon,209551,2023,,,Football Bowl Subdivision,Pacific-12 Conference,"CA$146,778,941.00",,,"CA$150,605,799.00","CA$26,475,915.00","CA$40,429,653.00",CA$0.00,"CA$42,911,990.00","CA$16,172,073.00"
University of Oregon,209551,2024,,,Football Bowl Subdivision,Pacific-12 Conference,"CA$167,228,256.00",,,"CA$169,206,109.00","CA$23,155,522.00","CA$56,927,613.00",CA$0.00,"CA$53,914,777.00","CA$21,386,128.00"
University of Oregon,209551,2025,511,20,Football Bowl Subdivision,Big Ten Conference,"CA$182,702,378.00","CA$22,461,556.00",CA$0.00,"CA$185,420,904.00","CA$26,607,027.00","CA$33,164,614.00",CA$0.00,"CA$60,847,474.00","CA$25,318,930.00"
Clemson University,217882,2021,,,Football Bowl Subdivision,Atlantic Coast Conference,"CA$117,413,403.00",,,"CA$123,132,804.00","CA$10,456,865.00","CA$61,975,876.00","CA$888,610,699.00","CA$47,981,806.00","CA$16,634,006.00"
Clemson University,217882,2022,,,Football Bowl Subdivision,Atlantic Coast Conference,"CA$143,356,820.00",,,"CA$158,283,618.00","CA$15,904,910.00","CA$60,859,475.00","CA$932,073,300.00","CA$54,915,721.00","CA$14,367,096.00"
Clemson University,217882,2023,,,Football Bowl Subdivision,Atlantic Coast Conference,"CA$174,276,658.00",,,"CA$195,984,260.00","CA$22,332,849.00","CA$84,453,548.00",CA$0.00,"CA$66,770,955.00","CA$18,933,212.00"
Clemson University,217882,2024,,,Football Bowl Subdivision,Atlantic Coast Conference,"CA$181,921,023.00",,,"CA$193,923,108.00","CA$21,171,579.00","CA$70,124,390.00",CA$0.00,"CA$67,787,017.00","CA$18,035,277.00"
Clemson University,217882,2025,567,20,Football Bowl Subdivision,Atlantic Coast Conference,"CA$197,684,981.00","CA$31,937,556.00",CA$0.00,"CA$198,578,695.00","CA$17,906,491.00","CA$56,185,212.00",CA$0.00,"CA$82,950,764.00","CA$23,599,141.00"
University of South Carolina,218663,2021,,,Football Bowl Subdivision,Southeastern Conference,"CA$130,364,709.00",,,"CA$135,157,386.00","CA$11,870,232.00","CA$14,130,910.00","CA$952,198,513.00","CA$43,854,572.00","CA$10,468,102.00"
University of South Carolina,218663,2022,,,Football Bowl Subdivision,Southeastern Conference,"CA$144,815,377.00",,,"CA$142,210,807.00","CA$8,669,665.00","CA$33,833,869.00","CA$1,086,850,727.00","CA$37,272,775.00","CA$9,821,724.00"
University of South Carolina,218663,2023,,,Football Bowl Subdivision,Southeastern Conference,"CA$160,420,148.00",,,"CA$160,489,386.00","CA$11,508,016.00","CA$35,203,708.00",CA$0.00,"CA$42,855,531.00","CA$12,572,575.00"
University of South Carolina,218663,2024,,,Football Bowl Subdivision,Southeastern Conference,"CA$183,652,272.00",,,"CA$183,458,097.00","CA$10,304,675.00","CA$34,395,692.00",CA$0.00,"CA$47,559,965.00","CA$14,716,364.00"
University of South Carolina,218663,2025,627,21,Football Bowl Subdivision,Southeastern Conference,"CA$203,259,302.00","CA$25,574,628.00",CA$0.00,"CA$204,566,524.00","CA$10,684,070.00","CA$18,285,009.00",CA$0.00,"CA$55,859,501.00","CA$17,658,174.00"
Coastal Carolina University,218724,2021,,,Football Bowl Subdivision,Sun Belt Conference,"CA$36,086,347.00",,,"CA$36,745,168.00","CA$843,077.00","CA$879,308.00","CA$185,802,372.00","CA$13,685,788.00","CA$3,645,442.00"
Coastal Carolina University,218724,2022,,,Football Bowl Subdivision,Sun Belt Conference,"CA$45,443,779.00",,,"CA$45,443,779.00","CA$896,028.00","CA$930,579.00","CA$210,471,847.00","CA$18,324,176.00","CA$4,731,593.00"
Coastal Carolina University,218724,2023,,,Football Bowl Subdivision,Sun Belt Conference,"CA$45,636,554.00",,,"CA$45,636,554.00","CA$1,436,659.00","CA$1,356,415.00",CA$0.00,"CA$17,632,946.00","CA$4,286,951.00"
Coastal Carolina University,218724,2024,,,Football Bowl Subdivision,Sun Belt Conference,"CA$47,002,534.00",,,"CA$47,030,796.00","CA$1,526,740.00","CA$1,518,751.00",CA$0.00,"CA$18,761,269.00","CA$5,197,426.00"
Coastal Carolina University,218724,2025,467,19,Football Bowl Subdivision,Sun Belt Conference,"CA$50,597,079.00","CA$11,462,188.00","CA$399,372.00","CA$50,625,832.00","CA$1,409,921.00","CA$2,073,141.00",CA$0.00,"CA$18,448,826.00","CA$4,739,400.00"
University of Memphis,220862,2021,,,Football Bowl Subdivision,American Athletic Conference,"CA$47,141,329.00",,,"CA$47,433,629.00","CA$3,928,527.00","CA$7,623,834.00","CA$407,135,655.00","CA$14,776,809.00","CA$5,860,277.00"
University of Memphis,220862,2022,,,Football Bowl Subdivision,American Athletic Conference,"CA$62,174,875.00",,,"CA$62,174,875.00","CA$5,360,916.00","CA$5,778,343.00","CA$452,194,608.00","CA$18,147,486.00","CA$6,188,568.00"
University of Memphis,220862,2023,,,Football Bowl Subdivision,American Athletic Conference,"CA$64,332,894.00",,,"CA$64,332,894.00","CA$5,713,610.00","CA$10,561,863.00",CA$0.00,"CA$20,020,828.00","CA$6,187,799.00"
University of Memphis,220862,2024,,,Football Bowl Subdivision,American Athletic Conference,"CA$67,477,527.00",,,"CA$67,477,607.00","CA$4,489,924.00","CA$9,524,669.00",CA$0.00,"CA$22,565,773.00","CA$6,359,581.00"
University of Memphis,220862,2025,477,20,Football Bowl Subdivision,American Athletic Conference,"CA$73,225,674.00","CA$12,403,707.00",CA$0.00,"CA$72,720,349.00","CA$6,738,181.00","CA$12,308,323.00",CA$0.00,"CA$24,770,267.00","CA$6,859,623.00"
Middle Tennessee State University,220978,2021,,,Football Bowl Subdivision,Conference USA,"CA$31,190,904.00",,,"CA$31,190,904.00","CA$1,022,771.00","CA$1,042,722.00","CA$360,352,942.00","CA$8,995,568.00","CA$2,429,700.00"
Middle Tennessee State University,220978,2022,,,Football Bowl Subdivision,Conference USA,"CA$35,614,512.00",,,"CA$35,614,512.00","CA$1,337,506.00","CA$1,639,857.00","CA$388,217,358.00","CA$10,633,591.00","CA$2,547,004.00"
Middle Tennessee State University,220978,2023,,,Football Bowl Subdivision,Conference USA,"CA$40,864,916.00",,,"CA$40,864,916.00","CA$1,908,704.00","CA$1,571,326.00",CA$0.00,"CA$11,697,127.00","CA$2,634,707.00"
Middle Tennessee State University,220978,2024,,,Football Bowl Subdivision,Conference USA,"CA$52,440,075.00",,,"CA$52,440,075.00","CA$2,019,775.00","CA$1,477,678.00",CA$0.00,"CA$16,999,176.00","CA$3,139,758.00"
Middle Tennessee State University,220978,2025,406,17,Football Bowl Subdivision,Conference USA,"CA$49,287,942.00","CA$11,686,084.00",CA$0.00,"CA$49,287,942.00","CA$1,779,405.00","CA$2,118,838.00",CA$0.00,"CA$14,107,924.00","CA$3,081,204.00"
The University of Tennessee,221759,2021,,,Football Bowl Subdivision,Southeastern Conference,"CA$132,163,159.00",,,"CA$132,920,757.00","CA$15,648,190.00","CA$24,215,604.00","CA$1,075,714,613.00","CA$45,899,235.00","CA$10,806,841.00"
The University of Tennessee,221759,2022,,,Football Bowl Subdivision,Southeastern Conference,"CA$157,108,637.00",,,"CA$154,566,935.00","CA$17,750,734.00","CA$35,483,274.00","CA$1,165,173,735.00","CA$47,194,884.00","CA$11,135,116.00"
The University of Tennessee,221759,2023,,,Football Bowl Subdivision,Southeastern Conference,"CA$191,032,519.00",,,"CA$202,097,305.00","CA$23,914,209.00","CA$64,748,049.00",CA$0.00,"CA$59,112,823.00","CA$16,462,404.00"
The University of Tennessee,221759,2024,,,Football Bowl Subdivision,Southeastern Conference,"CA$231,812,046.00",,,"CA$234,058,790.00","CA$21,807,114.00","CA$76,696,288.00",CA$0.00,"CA$75,905,015.00","CA$17,771,830.00"
The University of Tennessee,221759,2025,791,20,Football Bowl Subdivision,Southeastern Conference,"CA$288,186,290.00","CA$32,164,244.00",CA$0.00,"CA$304,117,549.00","CA$33,004,839.00","CA$113,589,853.00",CA$0.00,"CA$74,017,787.00","CA$17,996,691.00"
University of Houston,225511,2021,,,Football Bowl Subdivision,American Athletic Conference,"CA$67,196,088.00",,,"CA$66,823,577.00","CA$1,854,952.00","CA$3,824,724.00","CA$1,027,735,907.00","CA$16,139,796.00","CA$6,892,684.00"
University of Houston,225511,2022,,,Football Bowl Subdivision,American Athletic Conference,"CA$73,806,404.00",,,"CA$78,088,086.00","CA$3,527,097.00","CA$7,575,763.00","CA$1,043,580,487.00","CA$20,447,059.00","CA$8,172,375.00"
University of Houston,225511,2023,,,Football Bowl Subdivision,American Athletic Conference,"CA$81,517,354.00",,,"CA$82,604,513.00","CA$5,648,678.00","CA$10,114,611.00",CA$0.00,"CA$20,806,184.00","CA$8,671,359.00"
University of Houston,225511,2024,,,Football Bowl Subdivision,Big 12 Conference,"CA$96,414,485.00",,,"CA$88,229,817.00","CA$5,074,091.00","CA$13,879,423.00",CA$0.00,"CA$26,934,491.00","CA$9,501,863.00"
University of Houston,225511,2025,446,17,Football Bowl Subdivision,Big 12 Conference,"CA$98,864,678.00","CA$14,732,880.00",CA$0.00,"CA$92,759,096.00","CA$6,447,110.00","CA$15,624,294.00",CA$0.00,"CA$26,412,924.00","CA$8,658,511.00"
University of North Texas,227216,2021,,,Football Bowl Subdivision,Conference USA,"CA$43,975,838.00",,,"CA$46,699,117.00","CA$2,073,575.00","CA$7,083,553.00","CA$668,631,912.00","CA$10,116,257.00","CA$4,379,039.00"
University of North Texas,227216,2022,,,Football Bowl Subdivision,Conference USA,"CA$44,222,540.00",,,"CA$44,477,324.00","CA$2,471,490.00","CA$2,358,524.00","CA$693,950,477.00","CA$11,258,739.00","CA$4,512,228.00"
University of North Texas,227216,2023,,,Football Bowl Subdivision,Conference USA,"CA$49,720,154.00",,,"CA$49,188,482.00","CA$2,922,441.00","CA$2,213,810.00",CA$0.00,"CA$14,515,382.00","CA$4,811,374.00"
University of North Texas,227216,2024,,,Football Bowl Subdivision,American Athletic Conference,"CA$53,291,838.00",,,"CA$53,351,789.00","CA$3,381,839.00","CA$2,172,557.00",CA$0.00,"CA$13,273,335.00","CA$4,265,105.00"
University of North Texas,227216,2025,456,16,Football Bowl Subdivision,American Athletic Conference,"CA$58,120,391.00","CA$8,304,622.00","CA$440,815.00","CA$58,086,127.00","CA$3,577,328.00","CA$2,469,350.00",CA$0.00,"CA$15,394,392.00","CA$4,727,928.00"
Sam Houston State University,227881,2021,,,Football Championship Subdivision,,"CA$17,515,870.00",,,"CA$20,598,695.00","CA$509,685.00","CA$592,289.00","CA$345,243,507.00","CA$3,606,690.00","CA$1,401,661.00"
Sam Houston State University,227881,2022,,,Football Championship Subdivision,,"CA$20,951,301.00",,,"CA$21,690,534.00","CA$706,775.00","CA$1,144,673.00","CA$384,074,129.00","CA$4,997,455.00","CA$1,884,783.00"
Sam Houston State University,227881,2023,,,Football Championship Subdivision,,"CA$23,602,671.00",,,"CA$23,611,322.00","CA$787,488.00","CA$1,560,600.00",CA$0.00,"CA$5,478,223.00","CA$1,826,856.00"
Sam Houston State University,227881,2024,,,Football Championship Subdivision,,"CA$27,771,267.00",,,"CA$27,834,704.00","CA$1,591,264.00","CA$936,724.00",CA$0.00,"CA$7,088,562.00","CA$1,887,945.00"
Sam Houston State University,227881,2025,384,17,Football Bowl Subdivision,Conference USA,"CA$42,266,867.00","CA$7,217,485.00",CA$0.00,"CA$43,342,352.00","CA$1,699,267.00","CA$1,601,540.00",CA$0.00,"CA$9,740,022.00","CA$2,000,053.00"
Texas State University,228459,2021,,,Football Bowl Subdivision,Sun Belt Conference,"CA$34,363,246.00",,,"CA$34,871,441.00","CA$1,036,807.00","CA$1,650,338.00","CA$553,502,830.00","CA$8,954,823.00","CA$2,641,605.00"
Texas State University,228459,2022,,,Football Bowl Subdivision,Sun Belt Conference,"CA$37,853,450.00",,,"CA$37,288,587.00","CA$1,801,663.00","CA$2,453,012.00","CA$622,958,878.00","CA$10,261,457.00","CA$2,625,164.00"
Texas State University,228459,2023,,,Football Bowl Subdivision,Sun Belt Conference,"CA$43,589,707.00",,,"CA$40,007,172.00","CA$1,440,948.00","CA$2,614,630.00",CA$0.00,"CA$13,047,752.00","CA$3,169,899.00"
Texas State University,228459,2024,,,Football Bowl Subdivision,Sun Belt Conference,"CA$47,242,089.00",,,"CA$43,807,365.00","CA$1,307,623.00","CA$4,267,408.00",CA$0.00,"CA$17,637,670.00","CA$3,310,832.00"
Texas State University,228459,2025,496,16,Football Bowl Subdivision,Sun Belt Conference,"CA$55,517,565.00","CA$10,810,977.00",CA$0.00,"CA$50,528,819.00","CA$2,684,346.00","CA$5,261,166.00",CA$0.00,"CA$23,116,059.00","CA$3,920,316.00"
Texas A & M University,228723,2021,,,Football Bowl Subdivision,Southeastern Conference,"CA$141,824,256.00",,,"CA$161,870,328.00","CA$14,384,647.00","CA$47,772,619.00","CA$2,958,908,504.00","CA$36,655,978.00","CA$16,486,754.00"
Texas A & M University,228723,2022,,,Football Bowl Subdivision,Southeastern Conference,"CA$177,671,900.00",,,"CA$193,139,619.00","CA$21,692,857.00","CA$54,204,110.00","CA$3,120,970,361.00","CA$46,083,050.00","CA$17,153,655.00"
Texas A & M University,228723,2023,,,Football Bowl Subdivision,Southeastern Conference,"CA$194,692,848.00",,,"CA$279,188,334.00","CA$26,937,928.00","CA$115,465,076.00",CA$0.00,"CA$53,994,534.00","CA$19,321,541.00"
Texas A & M University,228723,2024,,,Football Bowl Subdivision,Southeastern Conference,"CA$243,670,625.00",,,"CA$266,361,985.00","CA$31,569,580.00","CA$88,633,193.00",CA$0.00,"CA$90,797,514.00","CA$19,378,292.00"
Texas A & M University,228723,2025,626,20,Football Bowl Subdivision,Southeastern Conference,"CA$228,350,501.00","CA$21,127,555.00",CA$0.00,"CA$235,547,242.00","CA$30,337,025.00","CA$50,063,114.00",CA$0.00,"CA$60,230,147.00","CA$16,367,486.00"
University of Texas at Austin,228778,2021,,,Football Bowl Subdivision,Big 12 Conference,"CA$167,324,290.00",,,"CA$152,696,006.00","CA$39,317,356.00","CA$60,080,498.00","CA$2,626,769,815.00","CA$43,648,896.00","CA$18,126,723.00"
University of Texas at Austin,228778,2022,,,Football Bowl Subdivision,Big 12 Conference,"CA$227,240,679.00",,,"CA$239,290,648.00","CA$44,494,340.00","CA$77,974,073.00","CA$2,899,530,347.00","CA$51,550,666.00","CA$16,202,231.00"
University of Texas at Austin,228778,2023,,,Football Bowl Subdivision,Big 12 Conference,"CA$233,916,669.00",,,"CA$271,129,326.00","CA$54,674,883.00","CA$89,262,018.00",CA$0.00,"CA$61,042,363.00","CA$16,959,333.00"
University of Texas at Austin,228778,2024,,,Football Bowl Subdivision,Big 12 Conference,"CA$327,782,612.00",,,"CA$331,905,866.00","CA$68,790,147.00","CA$137,010,938.00",CA$0.00,"CA$65,770,599.00","CA$22,900,116.00"
University of Texas at Austin,228778,2025,564,21,Football Bowl Subdivision,Southeastern Conference,"CA$379,284,528.00","CA$22,614,579.00","CA$3,235,078.00","CA$352,547,602.00","CA$51,956,322.00","CA$171,165,773.00",CA$0.00,"CA$73,881,569.00","CA$25,448,841.00"
University of Texas at El Paso,228796,2021,,,Football Bowl Subdivision,Conference USA,"CA$27,416,563.00",,,"CA$30,423,857.00","CA$1,713,511.00","CA$2,313,062.00","CA$465,257,891.00","CA$8,759,177.00","CA$2,487,505.00"
University of Texas at El Paso,228796,2022,,,Football Bowl Subdivision,Conference USA,"CA$34,370,528.00",,,"CA$33,131,210.00","CA$2,392,916.00","CA$3,495,870.00","CA$457,037,174.00","CA$11,806,863.00","CA$3,088,835.00"
University of Texas at El Paso,228796,2023,,,Football Bowl Subdivision,Conference USA,"CA$35,386,434.00",,,"CA$40,707,967.00","CA$2,313,879.00","CA$3,992,736.00",CA$0.00,"CA$11,564,406.00","CA$2,938,899.00"
University of Texas at El Paso,228796,2024,,,Football Bowl Subdivision,Conference USA,"CA$38,733,254.00",,,"CA$39,137,291.00","CA$3,539,511.00","CA$4,070,387.00",CA$0.00,"CA$13,148,043.00","CA$2,852,465.00"
University of Texas at El Paso,228796,2025,360,17,Football Bowl Subdivision,Conference USA,"CA$37,768,890.00","CA$9,068,661.00","CA$188,372.00","CA$39,037,567.00","CA$2,601,958.00","CA$6,920,068.00",CA$0.00,"CA$12,717,061.00","CA$2,787,213.00"
University of Texas at San Antonio,229027,2021,,,Football Bowl Subdivision,Conference USA,"CA$29,521,154.00",,,"CA$30,361,814.00","CA$2,646,824.00","CA$1,273,329.00","CA$564,770,982.00","CA$11,023,405.00","CA$2,965,497.00"
University of Texas at San Antonio,229027,2022,,,Football Bowl Subdivision,Conference USA,"CA$39,156,362.00",,,"CA$38,183,028.00","CA$2,561,178.00","CA$3,124,221.00","CA$632,227,756.00","CA$14,849,343.00","CA$4,041,487.00"
University of Texas at San Antonio,229027,2023,,,Football Bowl Subdivision,Conference USA,"CA$44,922,768.00",,,"CA$50,434,434.00","CA$2,719,019.00","CA$3,321,762.00",CA$0.00,"CA$16,731,566.00","CA$5,867,755.00"
University of Texas at San Antonio,229027,2024,,,Football Bowl Subdivision,American Athletic Conference,"CA$48,689,115.00",,,"CA$52,889,539.00","CA$3,100,574.00","CA$3,952,795.00",CA$0.00,"CA$17,814,255.00","CA$6,453,067.00"
University of Texas at San Antonio,229027,2025,368,17,Football Bowl Subdivision,American Athletic Conference,"CA$53,398,713.00","CA$9,001,771.00","CA$486,818.00","CA$54,745,212.00","CA$3,681,860.00","CA$2,378,923.00",CA$0.00,"CA$19,277,444.00","CA$6,525,016.00"
Texas Tech University,229115,2021,,,Football Bowl Subdivision,Big 12 Conference,"CA$83,873,438.00",,,"CA$88,859,408.00","CA$10,894,378.00","CA$16,140,810.00","CA$791,783,851.00","CA$27,570,003.00","CA$7,611,189.00"
Texas Tech University,229115,2022,,,Football Bowl Subdivision,Big 12 Conference,"CA$104,778,443.00",,,"CA$110,154,695.00","CA$14,387,336.00","CA$28,947,020.00","CA$891,889,361.00","CA$35,152,808.00","CA$10,350,702.00"
Texas Tech University,229115,2023,,,Football Bowl Subdivision,Big 12 Conference,"CA$136,364,850.00",,,"CA$146,807,939.00","CA$15,755,580.00","CA$56,433,129.00",CA$0.00,"CA$43,970,198.00","CA$10,165,807.00"
Texas Tech University,229115,2024,,,Football Bowl Subdivision,Big 12 Conference,"CA$126,712,428.00",,,"CA$126,783,038.00","CA$17,059,370.00","CA$32,441,297.00",CA$0.00,"CA$44,062,646.00","CA$10,826,924.00"
Texas Tech University,229115,2025,437,17,Football Bowl Subdivision,Big 12 Conference,"CA$144,420,153.00","CA$11,257,219.00",CA$0.00,"CA$145,302,530.00","CA$20,209,486.00","CA$42,870,259.00",CA$0.00,"CA$51,314,926.00","CA$12,096,801.00"
Utah State University,230728,2021,,,Football Bowl Subdivision,Mountain West Conference,"CA$36,047,203.00",,,"CA$36,841,415.00","CA$287,985.00","CA$3,876,151.00","CA$799,254,969.00","CA$12,056,252.00","CA$4,282,785.00"
Utah State University,230728,2022,,,Football Bowl Subdivision,Mountain West Conference,"CA$42,824,185.00",,,"CA$43,157,838.00","CA$452,209.00","CA$6,479,715.00","CA$872,346,021.00","CA$14,636,770.00","CA$5,358,019.00"
Utah State University,230728,2023,,,Football Bowl Subdivision,Mountain West Conference,"CA$51,389,553.00",,,"CA$51,789,705.00","CA$485,677.00","CA$6,129,474.00",CA$0.00,"CA$20,824,804.00","CA$5,405,399.00"
Utah State University,230728,2024,,,Football Bowl Subdivision,Mountain West Conference,"CA$51,363,166.00",,,"CA$55,771,008.00","CA$956,803.00","CA$7,940,834.00",CA$0.00,"CA$18,701,332.00","CA$5,606,946.00"
Utah State University,230728,2025,443,16,Football Bowl Subdivision,Mountain West Conference,"CA$64,576,877.00","CA$10,290,128.00",CA$0.00,"CA$75,442,527.00","CA$3,087,240.00","CA$10,982,893.00",CA$0.00,"CA$22,101,735.00","CA$9,510,488.00"
University of Utah,230764,2021,,,Football Bowl Subdivision,Pacific-12 Conference,"CA$82,056,884.00",,,"CA$51,021,217.00","CA$7,578,142.00","CA$8,014,646.00","CA$2,244,553,000.00","CA$22,975,592.00","CA$9,887,970.00"
University of Utah,230764,2022,,,Football Bowl Subdivision,Pacific-12 Conference,"CA$111,880,434.00",,,"CA$115,719,266.00","CA$8,365,175.00","CA$28,843,990.00","CA$2,356,015,000.00","CA$40,071,987.00","CA$13,843,569.00"
University of Utah,230764,2023,,,Football Bowl Subdivision,Pacific-12 Conference,"CA$124,453,484.00",,,"CA$126,256,291.00","CA$12,196,867.00","CA$34,899,703.00",CA$0.00,"CA$51,843,385.00","CA$16,176,969.00"
University of Utah,230764,2024,,,Football Bowl Subdivision,Pacific-12 Conference,"CA$126,835,478.00",,,"CA$109,793,853.00","CA$11,262,851.00","CA$29,748,969.00",CA$0.00,"CA$52,345,937.00","CA$17,806,243.00"
University of Utah,230764,2025,517,20,Football Bowl Subdivision,Big 12 Conference,"CA$135,560,135.00","CA$20,026,822.00",CA$0.00,"CA$140,252,864.00","CA$15,717,133.00","CA$49,862,630.00",CA$0.00,"CA$51,792,175.00","CA$17,058,252.00"
James Madison University,232423,2021,,,Football Championship Subdivision,,"CA$52,865,352.00",,,"CA$52,865,352.00","CA$1,827,324.00","CA$2,654,235.00","CA$379,165,371.00","CA$7,908,732.00","CA$2,126,564.00"
James Madison University,232423,2022,,,Football Championship Subdivision,,"CA$57,800,447.00",,,"CA$57,800,447.00","CA$1,252,167.00","CA$3,784,335.00","CA$426,783,073.00","CA$11,050,605.00","CA$2,250,420.00"
James Madison University,232423,2023,,,Football Championship Subdivision,,"CA$68,035,339.00",,,"CA$68,035,339.00","CA$1,312,290.00","CA$5,433,689.00",CA$0.00,"CA$11,521,652.00","CA$2,518,475.00"
James Madison University,232423,2024,,,Football Championship Subdivision,,"CA$76,382,640.00",,,"CA$76,382,640.00","CA$1,839,157.00","CA$5,684,788.00",CA$0.00,"CA$15,874,372.00","CA$2,890,171.00"
James Madison University,232423,2025,480,18,Football Bowl Subdivision,Sun Belt Conference,"CA$78,640,115.00","CA$12,110,002.00",CA$0.00,"CA$78,640,115.00","CA$1,760,815.00","CA$6,187,819.00",CA$0.00,"CA$16,951,555.00","CA$3,895,741.00"
Old Dominion University,232982,2021,,,Football Bowl Subdivision,Conference USA,"CA$38,234,460.00",,,"CA$41,472,704.00","CA$1,497,232.00","CA$7,334,274.00","CA$420,364,992.00","CA$8,820,593.00","CA$2,711,222.00"
Old Dominion University,232982,2022,,,Football Bowl Subdivision,Conference USA,"CA$51,914,920.00",,,"CA$53,419,653.00","CA$2,021,664.00","CA$12,044,609.00","CA$414,695,922.00","CA$12,518,823.00","CA$2,959,296.00"
Old Dominion University,232982,2023,,,Football Bowl Subdivision,Conference USA,"CA$54,028,983.00",,,"CA$50,954,029.00","CA$3,795,872.00","CA$10,301,263.00",CA$0.00,"CA$13,745,844.00","CA$3,295,105.00"
Old Dominion University,232982,2024,,,Football Bowl Subdivision,Sun Belt Conference,"CA$57,898,986.00",,,"CA$53,007,165.00","CA$3,522,847.00","CA$8,528,028.00",CA$0.00,"CA$14,079,638.00","CA$3,300,309.00"
Old Dominion University,232982,2025,480,16,Football Bowl Subdivision,Sun Belt Conference,"CA$60,855,261.00","CA$12,625,428.00",CA$0.00,"CA$58,464,225.00","CA$3,956,783.00","CA$8,318,266.00",CA$0.00,"CA$15,094,472.00","CA$3,444,735.00"
Virginia Polytechnic Institute and State University,233921,2021,,,Football Bowl Subdivision,Atlantic Coast Conference,"CA$85,587,390.00",,,"CA$90,296,622.00","CA$2,897,488.00","CA$16,329,303.00","CA$1,244,762,742.00","CA$26,699,874.00","CA$8,414,957.00"
Virginia Polytechnic Institute and State University,233921,2022,,,Football Bowl Subdivision,Atlantic Coast Conference,"CA$117,280,036.00",,,"CA$112,690,598.00","CA$3,153,652.00","CA$25,882,821.00","CA$1,364,287,091.00","CA$41,766,016.00","CA$10,805,285.00"
Virginia Polytechnic Institute and State University,233921,2023,,,Football Bowl Subdivision,Atlantic Coast Conference,"CA$116,947,347.00",,,"CA$129,522,082.00","CA$3,299,540.00","CA$27,608,846.00",CA$0.00,"CA$32,445,289.00","CA$11,310,965.00"
Virginia Polytechnic Institute and State University,233921,2024,,,Football Bowl Subdivision,Atlantic Coast Conference,"CA$132,758,248.00",,,"CA$139,458,796.00","CA$14,287,549.00","CA$31,781,778.00",CA$0.00,"CA$40,976,224.00","CA$11,180,356.00"
Virginia Polytechnic Institute and State University,233921,2025,704,22,Football Bowl Subdivision,Atlantic Coast Conference,"CA$156,147,692.00","CA$25,182,258.00",CA$0.00,"CA$161,217,688.00","CA$14,961,055.00","CA$38,783,486.00",CA$0.00,"CA$44,460,860.00","CA$12,222,801.00"
University of Virginia,234076,2021,,,Football Bowl Subdivision,Atlantic Coast Conference,"CA$101,172,838.00",,,"CA$105,346,428.00","CA$7,942,045.00","CA$24,594,388.00","CA$1,716,920,765.00","CA$23,870,870.00","CA$9,015,999.00"
University of Virginia,234076,2022,,,Football Bowl Subdivision,Atlantic Coast Conference,"CA$150,584,173.00",,,"CA$161,916,231.00","CA$10,569,287.00","CA$62,646,969.00","CA$1,746,185,143.00","CA$31,075,143.00","CA$10,281,881.00"
University of Virginia,234076,2023,,,Football Bowl Subdivision,Atlantic Coast Conference,"CA$138,225,818.00",,,"CA$140,937,329.00","CA$9,193,283.00","CA$37,727,949.00",CA$0.00,"CA$31,134,941.00","CA$9,903,428.00"
University of Virginia,234076,2024,,,Football Bowl Subdivision,Atlantic Coast Conference,"CA$145,613,036.00",,,"CA$153,535,955.00","CA$11,060,211.00","CA$38,857,053.00",CA$0.00,"CA$33,041,491.00","CA$10,266,101.00"
University of Virginia,234076,2025,757,25,Football Bowl Subdivision,Atlantic Coast Conference,"CA$162,066,043.00","CA$31,097,346.00",CA$0.00,"CA$155,120,584.00","CA$8,166,062.00","CA$34,618,654.00",CA$0.00,"CA$34,257,393.00","CA$10,165,045.00"
Washington State University,236939,2021,,,Football Bowl Subdivision,Pacific-12 Conference,"CA$65,002,028.00",,,"CA$40,089,718.00","CA$3,412,926.00","CA$7,785,483.00","CA$943,814,876.00","CA$16,533,539.00","CA$7,315,361.00"
Washington State University,236939,2022,,,Football Bowl Subdivision,Pacific-12 Conference,"CA$83,691,991.00",,,"CA$85,028,825.00","CA$4,949,281.00","CA$10,274,202.00","CA$942,244,188.00","CA$22,822,345.00","CA$6,240,292.00"
Washington State University,236939,2023,,,Football Bowl Subdivision,Pacific-12 Conference,"CA$90,909,237.00",,,"CA$78,981,224.00","CA$4,584,354.00","CA$13,140,616.00",CA$0.00,"CA$25,335,772.00","CA$7,481,298.00"
Washington State University,236939,2024,,,Football Bowl Subdivision,Pacific-12 Conference,"CA$89,052,358.00",,,"CA$89,459,572.00","CA$4,259,972.00","CA$10,209,885.00",CA$0.00,"CA$20,256,042.00","CA$7,366,360.00"
Washington State University,236939,2025,552,17,Football Bowl Subdivision,Pacific-12 Conference,"CA$80,749,746.00","CA$13,687,203.00",CA$0.00,"CA$83,454,950.00","CA$4,513,949.00","CA$11,366,058.00",CA$0.00,"CA$22,896,017.00","CA$6,833,170.00"
University of Washington,236948,2021,,,Football Bowl Subdivision,Pacific-12 Conference,"CA$86,150,595.00",,,"CA$83,431,816.00","CA$15,332,077.00","CA$32,730,995.00","CA$3,528,907,914.00","CA$24,267,707.00","CA$8,842,162.00"
University of Washington,236948,2022,,,Football Bowl Subdivision,Pacific-12 Conference,"CA$149,458,923.00",,,"CA$145,184,864.00","CA$20,179,991.00","CA$28,037,008.00","CA$3,763,881,124.00","CA$70,461,921.00","CA$8,406,844.00"
University of Washington,236948,2023,,,Football Bowl Subdivision,Pacific-12 Conference,"CA$150,037,375.00",,,"CA$151,599,477.00","CA$21,202,614.00","CA$38,519,167.00",CA$0.00,"CA$58,758,083.00","CA$13,676,112.00"
University of Washington,236948,2024,,,Football Bowl Subdivision,Pacific-12 Conference,"CA$200,147,129.00",,,"CA$190,936,516.00","CA$22,102,873.00","CA$41,623,042.00",CA$0.00,"CA$87,566,951.00","CA$20,817,456.00"
University of Washington,236948,2025,653,21,Football Bowl Subdivision,Big Ten Conference,"CA$184,354,672.00","CA$30,485,478.00",CA$0.00,"CA$178,473,117.00","CA$21,732,337.00","CA$52,876,796.00",CA$0.00,"CA$80,545,285.00","CA$17,765,533.00"
Marshall University,237525,2021,,,Football Bowl Subdivision,Conference USA,"CA$30,372,584.00",,,"CA$30,400,563.00","CA$260,151.00","CA$4,375,395.00","CA$264,215,755.00","CA$10,188,633.00","CA$2,654,679.00"
Marshall University,237525,2022,,,Football Bowl Subdivision,Conference USA,"CA$39,350,986.00",,,"CA$39,338,519.00","CA$2,354,838.00","CA$5,954,274.00","CA$277,591,409.00","CA$13,140,205.00","CA$2,861,715.00"
Marshall University,237525,2023,,,Football Bowl Subdivision,Conference USA,"CA$45,062,854.00",,,"CA$40,811,277.00","CA$2,510,124.00","CA$6,556,830.00",CA$0.00,"CA$14,791,316.00","CA$2,859,560.00"
Marshall University,237525,2024,,,Football Bowl Subdivision,Sun Belt Conference,"CA$48,960,933.00",,,"CA$47,798,537.00","CA$2,422,371.00","CA$7,688,201.00",CA$0.00,"CA$15,548,359.00","CA$3,066,526.00"
Marshall University,237525,2025,561,18,Football Bowl Subdivision,Sun Belt Conference,"CA$49,630,104.00","CA$8,817,166.00",CA$0.00,"CA$48,435,536.00","CA$3,277,739.00","CA$8,682,921.00",CA$0.00,"CA$13,574,650.00","CA$3,098,625.00"
West Virginia University,238032,2021,,,Football Bowl Subdivision,Big 12 Conference,"CA$64,814,692.00",,,"CA$72,982,006.00","CA$5,596,371.00","CA$15,292,854.00","CA$790,191,306.00","CA$17,233,863.00","CA$6,979,619.00"
West Virginia University,238032,2022,,,Football Bowl Subdivision,Big 12 Conference,"CA$97,067,706.00",,,"CA$105,193,311.00","CA$9,657,719.00","CA$14,672,758.00","CA$846,383,818.00","CA$24,342,556.00","CA$8,715,591.00"
West Virginia University,238032,2023,,,Football Bowl Subdivision,Big 12 Conference,"CA$103,142,400.00",,,"CA$105,960,843.00","CA$9,664,752.00","CA$23,415,077.00",CA$0.00,"CA$24,219,155.00","CA$8,324,094.00"
West Virginia University,238032,2024,,,Football Bowl Subdivision,Big 12 Conference,"CA$109,927,633.00",,,"CA$108,279,411.00","CA$10,733,514.00","CA$26,735,222.00",CA$0.00,"CA$25,322,965.00","CA$8,150,106.00"
West Virginia University,238032,2025,566,19,Football Bowl Subdivision,Big 12 Conference,"CA$130,706,709.00","CA$20,713,766.00",CA$0.00,"CA$128,116,313.00","CA$9,550,743.00","CA$31,342,719.00",CA$0.00,"CA$34,153,489.00","CA$9,659,086.00"
University of Wisconsin-Madison,240444,2021,,,Football Bowl Subdivision,Big Ten Conference,"CA$127,088,011.00",,,"CA$106,916,838.00","CA$22,434,431.00","CA$28,178,799.00","CA$2,869,957,000.00","CA$27,914,023.00","CA$8,733,710.00"
University of Wisconsin-Madison,240444,2022,,,Football Bowl Subdivision,Big Ten Conference,"CA$147,807,183.00",,,"CA$150,100,977.00","CA$25,012,976.00","CA$7,054,061.00","CA$3,090,681,508.00","CA$39,255,866.00","CA$11,527,815.00"
University of Wisconsin-Madison,240444,2023,,,Football Bowl Subdivision,Big Ten Conference,"CA$194,020,289.00",,,"CA$197,723,038.00","CA$26,756,124.00","CA$51,190,409.00",CA$0.00,"CA$64,357,070.00","CA$14,338,127.00"
University of Wisconsin-Madison,240444,2024,,,Football Bowl Subdivision,Big Ten Conference,"CA$186,740,863.00",,,"CA$190,637,312.00","CA$24,300,279.00","CA$42,720,190.00",CA$0.00,"CA$49,682,268.00","CA$14,513,864.00"
University of Wisconsin-Madison,240444,2025,684,23,Football Bowl Subdivision,Big Ten Conference,"CA$193,630,009.00","CA$33,606,697.00",CA$0.00,"CA$197,927,246.00","CA$24,757,630.00","CA$26,219,033.00",CA$0.00,"CA$41,495,307.00","CA$14,948,470.00"
University of Wyoming,240727,2021,,,Football Bowl Subdivision,Mountain West Conference,"CA$40,117,057.00",,,"CA$42,487,812.00","CA$983,068.00","CA$11,934,240.00","CA$517,963,000.00","CA$9,567,028.00","CA$4,376,520.00"
University of Wyoming,240727,2022,,,Football Bowl Subdivision,Mountain West Conference,"CA$47,146,999.00",,,"CA$50,255,884.00","CA$2,386,677.00","CA$10,678,818.00","CA$496,389,000.00","CA$12,456,861.00","CA$4,644,892.00"
University of Wyoming,240727,2023,,,Football Bowl Subdivision,Mountain West Conference,"CA$48,300,019.00",,,"CA$50,083,847.00","CA$2,982,557.00","CA$8,443,886.00",CA$0.00,"CA$14,235,242.00","CA$5,607,786.00"
University of Wyoming,240727,2024,,,Football Bowl Subdivision,Mountain West Conference,"CA$53,655,477.00",,,"CA$54,832,184.00","CA$3,128,634.00","CA$7,787,884.00",CA$0.00,"CA$15,712,483.00","CA$5,138,311.00"
University of Wyoming,240727,2025,419,17,Football Bowl Subdivision,Mountain West Conference,"CA$51,007,390.00","CA$11,911,966.00",CA$0.00,"CA$55,619,167.00","CA$3,566,654.00","CA$9,249,082.00",CA$0.00,"CA$13,091,900.00","CA$4,216,574.00"
Purdue University,243780,2021,,,Football Bowl Subdivision,Big Ten Conference,"CA$82,282,743.00",,,"CA$74,183,342.00","CA$6,214,950.00","CA$17,400,737.00","CA$1,720,055,081.00","CA$18,822,482.00","CA$9,229,104.00"
Purdue University,243780,2022,,,Football Bowl Subdivision,Big Ten Conference,"CA$93,025,810.00",,,"CA$115,139,432.00","CA$8,626,703.00","CA$16,911,593.00","CA$1,878,793,827.00","CA$24,857,827.00","CA$10,074,017.00"
Purdue University,243780,2023,,,Football Bowl Subdivision,Big Ten Conference,"CA$119,773,814.00",,,"CA$124,290,313.00","CA$8,958,094.00","CA$23,286,853.00",CA$0.00,"CA$31,441,226.00","CA$11,025,689.00"
Purdue University,243780,2024,,,Football Bowl Subdivision,Big Ten Conference,"CA$131,292,067.00",,,"CA$134,863,232.00","CA$7,357,649.00","CA$29,038,056.00",CA$0.00,"CA$31,387,598.00","CA$10,087,514.00"
Purdue University,243780,2025,540,20,Football Bowl Subdivision,Big Ten Conference,"CA$149,650,825.00","CA$20,213,765.00",CA$0.00,"CA$150,536,320.00","CA$9,176,973.00","CA$27,693,151.00",CA$0.00,"CA$37,193,229.00","CA$13,262,668.00"
U.S. Air Force Academy,128328,2021,,,Football Bowl Subdivision,Mountain West Conference,"CA$58,680,602.00",,,"CA$65,914,558.00","CA$1,350,241.00","CA$3,474,067.00","CA$545,157,311.00","CA$8,615,288.00","CA$5,047,701.00"
U.S. Air Force Academy,128328,2022,,,Football Bowl Subdivision,Mountain West Conference,"CA$67,422,052.00",,,"CA$76,587,462.00","CA$2,045,518.00","CA$5,902,630.00","CA$648,809,666.00","CA$11,264,885.00","CA$4,893,492.00"
U.S. Air Force Academy,128328,2023,,,Football Bowl Subdivision,Mountain West Conference,"CA$69,453,628.00",,,"CA$81,240,615.00","CA$2,476,864.00","CA$4,465,654.00",CA$0.00,"CA$11,422,176.00","CA$5,098,189.00"
U.S. Air Force Academy,128328,2024,,,Football Bowl Subdivision,Mountain West Conference,"CA$72,225,810.00",,,"CA$79,259,627.00","CA$3,206,339.00","CA$5,021,948.00",CA$0.00,"CA$16,233,892.00","CA$6,266,866.00"
U.S. Air Force Academy,128328,2025,977,28,Football Bowl Subdivision,Mountain West Conference,"CA$78,771,360.00","CA$983,582.00",CA$0.00,"CA$87,262,660.00","CA$4,214,783.00","CA$7,233,314.00",CA$0.00,"CA$12,007,431.00","CA$5,459,498.00"
U.S. Military Academy,197036,2021,,,Football Bowl Subdivision,Independent,CA$0.00,,,CA$0.00,CA$0.00,CA$0.00,"CA$430,424,894.00",CA$0.00,CA$0.00
U.S. Military Academy,197036,2022,,,Football Bowl Subdivision,Independent,"CA$56,779,409.00",,,"CA$66,061,475.00","CA$7,935,000.00","CA$7,748,064.00","CA$449,619,352.00",CA$0.00,CA$0.00
U.S. Military Academy,197036,2023,,,Football Bowl Subdivision,Independent,"CA$64,412,229.00",,,"CA$63,479,608.00","CA$8,590,000.00","CA$7,968,047.00",CA$0.00,"CA$16,987,378.00","CA$5,024,188.00"
U.S. Military Academy,197036,2024,,,Football Bowl Subdivision,American Athletic Conference,"CA$71,789,594.00",,,"CA$68,296,423.00","CA$8,625,000.00","CA$8,349,161.00",CA$0.00,"CA$19,077,671.00","CA$6,163,831.00"
U.S. Military Academy,197036,2025,1194,27,Football Bowl Subdivision,American Athletic Conference,"CA$68,954,896.00","CA$1,512,712.00",CA$0.00,"CA$78,208,127.00","CA$8,825,000.00","CA$8,515,109.00",CA$0.00,"CA$19,688,653.00","CA$6,391,995.00"
U.S. Naval Academy,164155,2021,,,Football Bowl Subdivision,American Athletic Conference,"CA$49,989,890.00",,,"CA$45,798,744.00","CA$8,624,351.00","CA$4,930,696.00","CA$493,527,156.00","CA$9,394,603.00",CA$0.00
U.S. Naval Academy,164155,2022,,,Football Bowl Subdivision,American Athletic Conference,"CA$54,433,027.00",,,"CA$76,213,405.00","CA$10,139,413.00","CA$6,585,118.00","CA$533,733,830.00","CA$12,137,744.00",CA$0.00
U.S. Naval Academy,164155,2023,,,Football Bowl Subdivision,American Athletic Conference,"CA$61,303,019.00",,,"CA$68,102,702.00","CA$14,127,752.00","CA$14,259,970.00",CA$0.00,"CA$15,367,461.00",CA$0.00
U.S. Naval Academy,164155,2024,,,Football Bowl Subdivision,American Athletic Conference,CA$0.00,,,CA$0.00,CA$0.00,CA$0.00,CA$0.00,CA$0.00,CA$0.00
U.S. Naval Academy,164155,2025,992,28,Football Bowl Subdivision,American Athletic Conference,"CA$71,564,811.00",CA$0.00,CA$0.00,"CA$77,821,117.00","CA$13,591,947.00","CA$13,747,384.00",CA$0.00,"CA$16,788,816.00",CA$0.00
University of Pittsburgh,215293,2021,,,Football Bowl Subdivision,Atlantic Coast Conference,CA$0.00,,,CA$0.00,CA$0.00,CA$0.00,"CA$2,202,720,652.00",CA$0.00,CA$0.00
University of Pittsburgh,215293,2022,,,Football Bowl Subdivision,Atlantic Coast Conference,CA$0.00,,,CA$0.00,CA$0.00,CA$0.00,"CA$2,353,824,490.00",CA$0.00,CA$0.00
University of Pittsburgh,215293,2023,,,Football Bowl Subdivision,Atlantic Coast Conference,CA$0.00,,,CA$0.00,CA$0.00,CA$0.00,CA$0.00,CA$0.00,CA$0.00
University of Pittsburgh,215293,2024,,,Football Bowl Subdivision,Atlantic Coast Conference,CA$0.00,,,CA$0.00,CA$0.00,CA$0.00,CA$0.00,CA$0.00,CA$0.00
University of Pittsburgh,215293,2025,527,19,,,,,,,,,,,
Temple University,216339,2021,,,Football Bowl Subdivision,American Athletic Conference,CA$0.00,,,CA$0.00,CA$0.00,CA$0.00,"CA$1,162,447,000.00",CA$0.00,CA$0.00
Temple University,216339,2022,,,Football Bowl Subdivision,American Athletic Conference,CA$0.00,,,CA$0.00,CA$0.00,CA$0.00,"CA$1,253,294,000.00",CA$0.00,CA$0.00
Temple University,216339,2023,,,Football Bowl Subdivision,American Athletic Conference,CA$0.00,,,CA$0.00,CA$0.00,CA$0.00,CA$0.00,CA$0.00,CA$0.00
Temple University,216339,2024,,,Football Bowl Subdivision,American Athletic Conference,CA$0.00,,,CA$0.00,CA$0.00,CA$0.00,CA$0.00,CA$0.00,CA$0.00
Temple University,216339,2025,493,18,,,,,,,,,,,
Pennsylvania State University,214777,2021,,,Football Bowl Subdivision,Big Ten Conference,"CA$130,050,505.00",,,"CA$106,159,518.00","CA$13,820,055.00","CA$22,483,488.00","CA$2,598,537,839.00","CA$36,069,157.00","CA$17,521,278.00"
Pennsylvania State University,214777,2022,,,Football Bowl Subdivision,Big Ten Conference,"CA$170,542,050.00",,,"CA$181,227,448.00","CA$14,612,870.00","CA$39,248,059.00","CA$3,522,023,000.00","CA$57,627,338.00","CA$16,187,012.00"
Pennsylvania State University,214777,2023,,,Football Bowl Subdivision,Big Ten Conference,"CA$202,073,671.00",,,"CA$202,200,023.00","CA$14,762,879.00","CA$40,764,372.00",CA$0.00,"CA$62,719,789.00","CA$18,610,804.00"
Pennsylvania State University,214777,2024,,,Football Bowl Subdivision,Big Ten Conference,"CA$215,108,075.00",,,"CA$220,758,927.00","CA$15,162,017.00","CA$37,002,681.00",CA$0.00,"CA$64,463,970.00","CA$21,918,048.00"
Pennsylvania State University,214777,2025,826,31,Football Bowl Subdivision,Big Ten Conference,"CA$254,643,919.00","CA$31,749,106.00","CA$18,368,391.00","CA$254,867,598.00","CA$25,114,673.00","CA$64,557,754.00",CA$0.00,"CA$89,186,987.00","CA$25,297,372.00"